ISO-10303-21;
HEADER;
FILE_DESCRIPTION(('FreeCAD Model'),'2;1');
FILE_NAME('Open CASCADE Shape Model','2026-07-22T14:26:53',(''),(''),
  'Open CASCADE STEP processor 7.8','FreeCAD','Unknown');
FILE_SCHEMA(('AUTOMOTIVE_DESIGN { 1 0 10303 214 1 1 1 1 }'));
ENDSEC;
DATA;
#1 = APPLICATION_PROTOCOL_DEFINITION('international standard',
  'automotive_design',2000,#2);
#2 = APPLICATION_CONTEXT(
  'core data for automotive mechanical design processes');
#3 = SHAPE_DEFINITION_REPRESENTATION(#4,#10);
#4 = PRODUCT_DEFINITION_SHAPE('','',#5);
#5 = PRODUCT_DEFINITION('design','',#6,#9);
#6 = PRODUCT_DEFINITION_FORMATION('','',#7);
#7 = PRODUCT('Bottom','Bottom','',(#8));
#8 = PRODUCT_CONTEXT('',#2,'mechanical');
#9 = PRODUCT_DEFINITION_CONTEXT('part definition',#2,'design');
#10 = ADVANCED_BREP_SHAPE_REPRESENTATION('',(#11,#15),#3049);
#11 = AXIS2_PLACEMENT_3D('',#12,#13,#14);
#12 = CARTESIAN_POINT('',(0.,0.,0.));
#13 = DIRECTION('',(0.,0.,1.));
#14 = DIRECTION('',(1.,0.,-0.));
#15 = MANIFOLD_SOLID_BREP('',#16);
#16 = CLOSED_SHELL('',(#17,#59,#84,#115,#146,#386,#418,#443,#467,#618,
    #643,#672,#697,#721,#744,#756,#780,#805,#829,#936,#960,#985,#1002,
    #1026,#1051,#1068,#1092,#1117,#1134,#1159,#1176,#1193,#1260,#1285,
    #1309,#1334,#1358,#1383,#1407,#1432,#1456,#1491,#1515,#1540,#1600,
    #1618,#1635,#1647,#1850,#1867,#1879,#1891,#1908,#1939,#1961,#1992,
    #2014,#2044,#2061,#2092,#2114,#2145,#2187,#2211,#2246,#2288,#2312,
    #2347,#2389,#2413,#2448,#2490,#2514,#2549,#2574,#2599,#2624,#2649,
    #2666,#2683,#2700,#2717,#2734,#2746,#2763,#2775,#2792,#2804,#2821,
    #2833,#2853,#2873,#2893,#2913,#2938,#2963,#2988,#3013,#3022,#3031,
    #3040));
#17 = ADVANCED_FACE('',(#18),#54,.T.);
#18 = FACE_BOUND('',#19,.F.);
#19 = EDGE_LOOP('',(#20,#31,#39,#48));
#20 = ORIENTED_EDGE('',*,*,#21,.T.);
#21 = EDGE_CURVE('',#22,#24,#26,.T.);
#22 = VERTEX_POINT('',#23);
#23 = CARTESIAN_POINT('',(36.305,69.,2.));
#24 = VERTEX_POINT('',#25);
#25 = CARTESIAN_POINT('',(38.305,67.,2.));
#26 = CIRCLE('',#27,2.);
#27 = AXIS2_PLACEMENT_3D('',#28,#29,#30);
#28 = CARTESIAN_POINT('',(36.305,67.,2.));
#29 = DIRECTION('',(0.,0.,-1.));
#30 = DIRECTION('',(1.,0.,0.));
#31 = ORIENTED_EDGE('',*,*,#32,.T.);
#32 = EDGE_CURVE('',#24,#33,#35,.T.);
#33 = VERTEX_POINT('',#34);
#34 = CARTESIAN_POINT('',(38.305,67.,6.75));
#35 = LINE('',#36,#37);
#36 = CARTESIAN_POINT('',(38.305,67.,0.));
#37 = VECTOR('',#38,1.);
#38 = DIRECTION('',(0.,0.,1.));
#39 = ORIENTED_EDGE('',*,*,#40,.F.);
#40 = EDGE_CURVE('',#41,#33,#43,.T.);
#41 = VERTEX_POINT('',#42);
#42 = CARTESIAN_POINT('',(36.305,69.,6.75));
#43 = CIRCLE('',#44,2.);
#44 = AXIS2_PLACEMENT_3D('',#45,#46,#47);
#45 = CARTESIAN_POINT('',(36.305,67.,6.75));
#46 = DIRECTION('',(-0.,-0.,-1.));
#47 = DIRECTION('',(0.,-1.,0.));
#48 = ORIENTED_EDGE('',*,*,#49,.F.);
#49 = EDGE_CURVE('',#22,#41,#50,.T.);
#50 = LINE('',#51,#52);
#51 = CARTESIAN_POINT('',(36.305,69.,0.));
#52 = VECTOR('',#53,1.);
#53 = DIRECTION('',(0.,0.,1.));
#54 = CYLINDRICAL_SURFACE('',#55,2.);
#55 = AXIS2_PLACEMENT_3D('',#56,#57,#58);
#56 = CARTESIAN_POINT('',(36.305,67.,0.));
#57 = DIRECTION('',(0.,0.,1.));
#58 = DIRECTION('',(0.,1.,0.));
#59 = ADVANCED_FACE('',(#60),#79,.T.);
#60 = FACE_BOUND('',#61,.F.);
#61 = EDGE_LOOP('',(#62,#63,#72));
#62 = ORIENTED_EDGE('',*,*,#21,.F.);
#63 = ORIENTED_EDGE('',*,*,#64,.T.);
#64 = EDGE_CURVE('',#22,#65,#67,.T.);
#65 = VERTEX_POINT('',#66);
#66 = CARTESIAN_POINT('',(36.305,67.,0.));
#67 = CIRCLE('',#68,2.);
#68 = AXIS2_PLACEMENT_3D('',#69,#70,#71);
#69 = CARTESIAN_POINT('',(36.305,67.,2.));
#70 = DIRECTION('',(-1.,-0.,-6.E-17));
#71 = DIRECTION('',(6.E-17,0.,-1.));
#72 = ORIENTED_EDGE('',*,*,#73,.F.);
#73 = EDGE_CURVE('',#24,#65,#74,.T.);
#74 = CIRCLE('',#75,2.);
#75 = AXIS2_PLACEMENT_3D('',#76,#77,#78);
#76 = CARTESIAN_POINT('',(36.305,67.,2.));
#77 = DIRECTION('',(-0.,1.,0.));
#78 = DIRECTION('',(1.,0.,0.));
#79 = SPHERICAL_SURFACE('',#80,2.);
#80 = AXIS2_PLACEMENT_3D('',#81,#82,#83);
#81 = CARTESIAN_POINT('',(36.305,67.,2.));
#82 = DIRECTION('',(0.,-1.,0.));
#83 = DIRECTION('',(1.,0.,0.));
#84 = ADVANCED_FACE('',(#85),#110,.T.);
#85 = FACE_BOUND('',#86,.T.);
#86 = EDGE_LOOP('',(#87,#95,#103,#109));
#87 = ORIENTED_EDGE('',*,*,#88,.T.);
#88 = EDGE_CURVE('',#22,#89,#91,.T.);
#89 = VERTEX_POINT('',#90);
#90 = CARTESIAN_POINT('',(36.305,68.,2.));
#91 = LINE('',#92,#93);
#92 = CARTESIAN_POINT('',(36.305,69.,2.));
#93 = VECTOR('',#94,1.);
#94 = DIRECTION('',(0.,-1.,0.));
#95 = ORIENTED_EDGE('',*,*,#96,.T.);
#96 = EDGE_CURVE('',#89,#97,#99,.T.);
#97 = VERTEX_POINT('',#98);
#98 = CARTESIAN_POINT('',(36.305,68.,6.75));
#99 = LINE('',#100,#101);
#100 = CARTESIAN_POINT('',(36.305,68.,0.));
#101 = VECTOR('',#102,1.);
#102 = DIRECTION('',(0.,0.,1.));
#103 = ORIENTED_EDGE('',*,*,#104,.F.);
#104 = EDGE_CURVE('',#41,#97,#105,.T.);
#105 = LINE('',#106,#107);
#106 = CARTESIAN_POINT('',(36.305,69.,6.75));
#107 = VECTOR('',#108,1.);
#108 = DIRECTION('',(0.,-1.,0.));
#109 = ORIENTED_EDGE('',*,*,#49,.F.);
#110 = PLANE('',#111);
#111 = AXIS2_PLACEMENT_3D('',#112,#113,#114);
#112 = CARTESIAN_POINT('',(36.305,69.,2.));
#113 = DIRECTION('',(-1.,0.,0.));
#114 = DIRECTION('',(0.,0.,1.));
#115 = ADVANCED_FACE('',(#116),#141,.T.);
#116 = FACE_BOUND('',#117,.T.);
#117 = EDGE_LOOP('',(#118,#126,#134,#140));
#118 = ORIENTED_EDGE('',*,*,#119,.T.);
#119 = EDGE_CURVE('',#33,#120,#122,.T.);
#120 = VERTEX_POINT('',#121);
#121 = CARTESIAN_POINT('',(38.305,-62.45354967164,6.75));
#122 = LINE('',#123,#124);
#123 = CARTESIAN_POINT('',(38.305,69.,6.75));
#124 = VECTOR('',#125,1.);
#125 = DIRECTION('',(5.E-17,-1.,0.));
#126 = ORIENTED_EDGE('',*,*,#127,.F.);
#127 = EDGE_CURVE('',#128,#120,#130,.T.);
#128 = VERTEX_POINT('',#129);
#129 = CARTESIAN_POINT('',(38.305,-62.45354967164,2.));
#130 = LINE('',#131,#132);
#131 = CARTESIAN_POINT('',(38.305,-62.45354967164,0.));
#132 = VECTOR('',#133,1.);
#133 = DIRECTION('',(0.,0.,1.));
#134 = ORIENTED_EDGE('',*,*,#135,.F.);
#135 = EDGE_CURVE('',#24,#128,#136,.T.);
#136 = LINE('',#137,#138);
#137 = CARTESIAN_POINT('',(38.305,69.,2.));
#138 = VECTOR('',#139,1.);
#139 = DIRECTION('',(5.E-17,-1.,0.));
#140 = ORIENTED_EDGE('',*,*,#32,.T.);
#141 = PLANE('',#142);
#142 = AXIS2_PLACEMENT_3D('',#143,#144,#145);
#143 = CARTESIAN_POINT('',(38.305,69.,0.));
#144 = DIRECTION('',(1.,5.E-17,0.));
#145 = DIRECTION('',(5.E-17,-1.,0.));
#146 = ADVANCED_FACE('',(#147),#381,.T.);
#147 = FACE_BOUND('',#148,.T.);
#148 = EDGE_LOOP('',(#149,#150,#151,#159,#167,#176,#184,#193,#201,#210,
    #218,#227,#235,#244,#252,#261,#269,#278,#286,#294,#302,#311,#319,
    #328,#337,#346,#355,#364,#373,#380));
#149 = ORIENTED_EDGE('',*,*,#40,.F.);
#150 = ORIENTED_EDGE('',*,*,#104,.T.);
#151 = ORIENTED_EDGE('',*,*,#152,.F.);
#152 = EDGE_CURVE('',#153,#97,#155,.T.);
#153 = VERTEX_POINT('',#154);
#154 = CARTESIAN_POINT('',(36.705,68.,6.75));
#155 = LINE('',#156,#157);
#156 = CARTESIAN_POINT('',(36.705,68.,6.75));
#157 = VECTOR('',#158,1.);
#158 = DIRECTION('',(-1.,0.,0.));
#159 = ORIENTED_EDGE('',*,*,#160,.F.);
#160 = EDGE_CURVE('',#161,#153,#163,.T.);
#161 = VERTEX_POINT('',#162);
#162 = CARTESIAN_POINT('',(36.705,-62.4,6.75));
#163 = LINE('',#164,#165);
#164 = CARTESIAN_POINT('',(36.705,67.4,6.75));
#165 = VECTOR('',#166,1.);
#166 = DIRECTION('',(0.,1.,0.));
#167 = ORIENTED_EDGE('',*,*,#168,.F.);
#168 = EDGE_CURVE('',#169,#161,#171,.T.);
#169 = VERTEX_POINT('',#170);
#170 = CARTESIAN_POINT('',(23.125000000003,-65.18186266263,6.75));
#171 = CIRCLE('',#172,149.2273025);
#172 = AXIS2_PLACEMENT_3D('',#173,#174,#175);
#173 = CARTESIAN_POINT('',(2.937E-14,82.242769561519,6.75));
#174 = DIRECTION('',(0.,0.,1.));
#175 = DIRECTION('',(1.,0.,0.));
#176 = ORIENTED_EDGE('',*,*,#177,.F.);
#177 = EDGE_CURVE('',#178,#169,#180,.T.);
#178 = VERTEX_POINT('',#179);
#179 = CARTESIAN_POINT('',(23.125,-63.43378842211,6.75));
#180 = LINE('',#181,#182);
#181 = CARTESIAN_POINT('',(23.125,-33.57605740877,6.75));
#182 = VECTOR('',#183,1.);
#183 = DIRECTION('',(0.,-1.,0.));
#184 = ORIENTED_EDGE('',*,*,#185,.T.);
#185 = EDGE_CURVE('',#178,#186,#188,.T.);
#186 = VERTEX_POINT('',#187);
#187 = CARTESIAN_POINT('',(19.475,-63.96020278576,6.75));
#188 = CIRCLE('',#189,149.2273025);
#189 = AXIS2_PLACEMENT_3D('',#190,#191,#192);
#190 = CARTESIAN_POINT('',(-2.4439E-13,83.99084380204,6.75));
#191 = DIRECTION('',(0.,0.,-1.));
#192 = DIRECTION('',(1.,0.,0.));
#193 = ORIENTED_EDGE('',*,*,#194,.F.);
#194 = EDGE_CURVE('',#195,#186,#197,.T.);
#195 = VERTEX_POINT('',#196);
#196 = CARTESIAN_POINT('',(19.474999999997,-65.70827702628,6.75));
#197 = LINE('',#198,#199);
#198 = CARTESIAN_POINT('',(19.475,-30.7020202885,6.75));
#199 = VECTOR('',#200,1.);
#200 = DIRECTION('',(0.,1.,0.));
#201 = ORIENTED_EDGE('',*,*,#202,.F.);
#202 = EDGE_CURVE('',#203,#195,#205,.T.);
#203 = VERTEX_POINT('',#204);
#204 = CARTESIAN_POINT('',(1.825,-66.97337295137,6.75));
#205 = CIRCLE('',#206,149.2273025);
#206 = AXIS2_PLACEMENT_3D('',#207,#208,#209);
#207 = CARTESIAN_POINT('',(2.937E-14,82.242769561519,6.75));
#208 = DIRECTION('',(0.,0.,1.));
#209 = DIRECTION('',(1.,0.,0.));
#210 = ORIENTED_EDGE('',*,*,#211,.F.);
#211 = EDGE_CURVE('',#212,#203,#214,.T.);
#212 = VERTEX_POINT('',#213);
#213 = CARTESIAN_POINT('',(1.825,-65.22529871084,6.75));
#214 = LINE('',#215,#216);
#215 = CARTESIAN_POINT('',(1.825,-33.57605740877,6.75));
#216 = VECTOR('',#217,1.);
#217 = DIRECTION('',(0.,-1.,0.));
#218 = ORIENTED_EDGE('',*,*,#219,.T.);
#219 = EDGE_CURVE('',#212,#220,#222,.T.);
#220 = VERTEX_POINT('',#221);
#221 = CARTESIAN_POINT('',(-1.825,-65.22529871084,6.75));
#222 = CIRCLE('',#223,149.2273025);
#223 = AXIS2_PLACEMENT_3D('',#224,#225,#226);
#224 = CARTESIAN_POINT('',(-2.4439E-13,83.99084380204,6.75));
#225 = DIRECTION('',(0.,0.,-1.));
#226 = DIRECTION('',(1.,0.,0.));
#227 = ORIENTED_EDGE('',*,*,#228,.F.);
#228 = EDGE_CURVE('',#229,#220,#231,.T.);
#229 = VERTEX_POINT('',#230);
#230 = CARTESIAN_POINT('',(-1.825,-66.97337295137,6.75));
#231 = LINE('',#232,#233);
#232 = CARTESIAN_POINT('',(-1.825,-30.70202028851,6.75));
#233 = VECTOR('',#234,1.);
#234 = DIRECTION('',(0.,1.,0.));
#235 = ORIENTED_EDGE('',*,*,#236,.F.);
#236 = EDGE_CURVE('',#237,#229,#239,.T.);
#237 = VERTEX_POINT('',#238);
#238 = CARTESIAN_POINT('',(-19.47499999999,-65.70827702628,6.75));
#239 = CIRCLE('',#240,149.2273025);
#240 = AXIS2_PLACEMENT_3D('',#241,#242,#243);
#241 = CARTESIAN_POINT('',(2.937E-14,82.242769561519,6.75));
#242 = DIRECTION('',(0.,0.,1.));
#243 = DIRECTION('',(1.,0.,0.));
#244 = ORIENTED_EDGE('',*,*,#245,.F.);
#245 = EDGE_CURVE('',#246,#237,#248,.T.);
#246 = VERTEX_POINT('',#247);
#247 = CARTESIAN_POINT('',(-19.475,-63.96020278576,6.75));
#248 = LINE('',#249,#250);
#249 = CARTESIAN_POINT('',(-19.475,-33.57605740877,6.75));
#250 = VECTOR('',#251,1.);
#251 = DIRECTION('',(0.,-1.,0.));
#252 = ORIENTED_EDGE('',*,*,#253,.T.);
#253 = EDGE_CURVE('',#246,#254,#256,.T.);
#254 = VERTEX_POINT('',#255);
#255 = CARTESIAN_POINT('',(-23.125,-63.43378842211,6.75));
#256 = CIRCLE('',#257,149.2273025);
#257 = AXIS2_PLACEMENT_3D('',#258,#259,#260);
#258 = CARTESIAN_POINT('',(-2.4439E-13,83.99084380204,6.75));
#259 = DIRECTION('',(0.,0.,-1.));
#260 = DIRECTION('',(1.,0.,0.));
#261 = ORIENTED_EDGE('',*,*,#262,.F.);
#262 = EDGE_CURVE('',#263,#254,#265,.T.);
#263 = VERTEX_POINT('',#264);
#264 = CARTESIAN_POINT('',(-23.125,-65.18186266263,6.75));
#265 = LINE('',#266,#267);
#266 = CARTESIAN_POINT('',(-23.125,-30.70202028851,6.75));
#267 = VECTOR('',#268,1.);
#268 = DIRECTION('',(0.,1.,0.));
#269 = ORIENTED_EDGE('',*,*,#270,.F.);
#270 = EDGE_CURVE('',#271,#263,#273,.T.);
#271 = VERTEX_POINT('',#272);
#272 = CARTESIAN_POINT('',(-36.705,-62.4,6.75));
#273 = CIRCLE('',#274,149.2273025);
#274 = AXIS2_PLACEMENT_3D('',#275,#276,#277);
#275 = CARTESIAN_POINT('',(2.937E-14,82.242769561519,6.75));
#276 = DIRECTION('',(0.,0.,1.));
#277 = DIRECTION('',(1.,0.,0.));
#278 = ORIENTED_EDGE('',*,*,#279,.T.);
#279 = EDGE_CURVE('',#271,#280,#282,.T.);
#280 = VERTEX_POINT('',#281);
#281 = CARTESIAN_POINT('',(-36.705,68.,6.75));
#282 = LINE('',#283,#284);
#283 = CARTESIAN_POINT('',(-36.705,-62.4,6.75));
#284 = VECTOR('',#285,1.);
#285 = DIRECTION('',(0.,1.,0.));
#286 = ORIENTED_EDGE('',*,*,#287,.F.);
#287 = EDGE_CURVE('',#288,#280,#290,.T.);
#288 = VERTEX_POINT('',#289);
#289 = CARTESIAN_POINT('',(-36.305,68.,6.75));
#290 = LINE('',#291,#292);
#291 = CARTESIAN_POINT('',(36.705,68.,6.75));
#292 = VECTOR('',#293,1.);
#293 = DIRECTION('',(-1.,0.,0.));
#294 = ORIENTED_EDGE('',*,*,#295,.F.);
#295 = EDGE_CURVE('',#296,#288,#298,.T.);
#296 = VERTEX_POINT('',#297);
#297 = CARTESIAN_POINT('',(-36.305,69.,6.75));
#298 = LINE('',#299,#300);
#299 = CARTESIAN_POINT('',(-36.305,69.,6.75));
#300 = VECTOR('',#301,1.);
#301 = DIRECTION('',(0.,-1.,0.));
#302 = ORIENTED_EDGE('',*,*,#303,.T.);
#303 = EDGE_CURVE('',#296,#304,#306,.T.);
#304 = VERTEX_POINT('',#305);
#305 = CARTESIAN_POINT('',(-38.305,67.,6.75));
#306 = CIRCLE('',#307,2.);
#307 = AXIS2_PLACEMENT_3D('',#308,#309,#310);
#308 = CARTESIAN_POINT('',(-36.305,67.,6.75));
#309 = DIRECTION('',(-0.,0.,1.));
#310 = DIRECTION('',(0.,-1.,0.));
#311 = ORIENTED_EDGE('',*,*,#312,.T.);
#312 = EDGE_CURVE('',#304,#313,#315,.T.);
#313 = VERTEX_POINT('',#314);
#314 = CARTESIAN_POINT('',(-38.305,-62.45354967164,6.75));
#315 = LINE('',#316,#317);
#316 = CARTESIAN_POINT('',(-38.305,69.,6.75));
#317 = VECTOR('',#318,1.);
#318 = DIRECTION('',(-2.1E-16,-1.,0.));
#319 = ORIENTED_EDGE('',*,*,#320,.T.);
#320 = EDGE_CURVE('',#313,#321,#323,.T.);
#321 = VERTEX_POINT('',#322);
#322 = CARTESIAN_POINT('',(-36.79818298146,-64.39178870406,6.75));
#323 = CIRCLE('',#324,2.);
#324 = AXIS2_PLACEMENT_3D('',#325,#326,#327);
#325 = CARTESIAN_POINT('',(-36.305,-62.45354967164,6.75));
#326 = DIRECTION('',(-0.,0.,1.));
#327 = DIRECTION('',(0.,-1.,0.));
#328 = ORIENTED_EDGE('',*,*,#329,.T.);
#329 = EDGE_CURVE('',#321,#330,#332,.T.);
#330 = VERTEX_POINT('',#331);
#331 = CARTESIAN_POINT('',(-23.125,-67.19732972415,6.75));
#332 = CIRCLE('',#333,149.2273025);
#333 = AXIS2_PLACEMENT_3D('',#334,#335,#336);
#334 = CARTESIAN_POINT('',(1.319E-14,80.2273025,6.75));
#335 = DIRECTION('',(0.,0.,1.));
#336 = DIRECTION('',(1.,0.,0.));
#337 = ORIENTED_EDGE('',*,*,#338,.T.);
#338 = EDGE_CURVE('',#330,#339,#341,.T.);
#339 = VERTEX_POINT('',#340);
#340 = CARTESIAN_POINT('',(-19.475,-67.7237440878,6.75));
#341 = CIRCLE('',#342,149.2273025);
#342 = AXIS2_PLACEMENT_3D('',#343,#344,#345);
#343 = CARTESIAN_POINT('',(1.319E-14,80.2273025,6.75));
#344 = DIRECTION('',(0.,0.,1.));
#345 = DIRECTION('',(1.,0.,0.));
#346 = ORIENTED_EDGE('',*,*,#347,.T.);
#347 = EDGE_CURVE('',#339,#348,#350,.T.);
#348 = VERTEX_POINT('',#349);
#349 = CARTESIAN_POINT('',(19.475000000001,-67.7237440878,6.75));
#350 = CIRCLE('',#351,149.2273025);
#351 = AXIS2_PLACEMENT_3D('',#352,#353,#354);
#352 = CARTESIAN_POINT('',(1.319E-14,80.2273025,6.75));
#353 = DIRECTION('',(0.,0.,1.));
#354 = DIRECTION('',(1.,0.,0.));
#355 = ORIENTED_EDGE('',*,*,#356,.T.);
#356 = EDGE_CURVE('',#348,#357,#359,.T.);
#357 = VERTEX_POINT('',#358);
#358 = CARTESIAN_POINT('',(23.125000000004,-67.19732972415,6.75));
#359 = CIRCLE('',#360,149.2273025);
#360 = AXIS2_PLACEMENT_3D('',#361,#362,#363);
#361 = CARTESIAN_POINT('',(1.319E-14,80.2273025,6.75));
#362 = DIRECTION('',(0.,0.,1.));
#363 = DIRECTION('',(1.,0.,0.));
#364 = ORIENTED_EDGE('',*,*,#365,.T.);
#365 = EDGE_CURVE('',#357,#366,#368,.T.);
#366 = VERTEX_POINT('',#367);
#367 = CARTESIAN_POINT('',(36.798182981465,-64.39178870406,6.75));
#368 = CIRCLE('',#369,149.2273025);
#369 = AXIS2_PLACEMENT_3D('',#370,#371,#372);
#370 = CARTESIAN_POINT('',(1.319E-14,80.2273025,6.75));
#371 = DIRECTION('',(0.,0.,1.));
#372 = DIRECTION('',(1.,0.,0.));
#373 = ORIENTED_EDGE('',*,*,#374,.F.);
#374 = EDGE_CURVE('',#120,#366,#375,.T.);
#375 = CIRCLE('',#376,2.);
#376 = AXIS2_PLACEMENT_3D('',#377,#378,#379);
#377 = CARTESIAN_POINT('',(36.305,-62.45354967164,6.75));
#378 = DIRECTION('',(-0.,-0.,-1.));
#379 = DIRECTION('',(0.,-1.,0.));
#380 = ORIENTED_EDGE('',*,*,#119,.F.);
#381 = PLANE('',#382);
#382 = AXIS2_PLACEMENT_3D('',#383,#384,#385);
#383 = CARTESIAN_POINT('',(3.27E-15,1.623467309093,6.75));
#384 = DIRECTION('',(0.,0.,1.));
#385 = DIRECTION('',(1.,0.,0.));
#386 = ADVANCED_FACE('',(#387),#413,.T.);
#387 = FACE_BOUND('',#388,.T.);
#388 = EDGE_LOOP('',(#389,#390,#398,#407));
#389 = ORIENTED_EDGE('',*,*,#64,.T.);
#390 = ORIENTED_EDGE('',*,*,#391,.T.);
#391 = EDGE_CURVE('',#65,#392,#394,.T.);
#392 = VERTEX_POINT('',#393);
#393 = CARTESIAN_POINT('',(-36.305,67.,0.));
#394 = LINE('',#395,#396);
#395 = CARTESIAN_POINT('',(38.305,67.,-4.4E-16));
#396 = VECTOR('',#397,1.);
#397 = DIRECTION('',(-1.,0.,0.));
#398 = ORIENTED_EDGE('',*,*,#399,.F.);
#399 = EDGE_CURVE('',#400,#392,#402,.T.);
#400 = VERTEX_POINT('',#401);
#401 = CARTESIAN_POINT('',(-36.305,69.,2.));
#402 = CIRCLE('',#403,2.);
#403 = AXIS2_PLACEMENT_3D('',#404,#405,#406);
#404 = CARTESIAN_POINT('',(-36.305,67.,2.));
#405 = DIRECTION('',(-1.,0.,6.E-17));
#406 = DIRECTION('',(-6.E-17,0.,-1.));
#407 = ORIENTED_EDGE('',*,*,#408,.F.);
#408 = EDGE_CURVE('',#22,#400,#409,.T.);
#409 = LINE('',#410,#411);
#410 = CARTESIAN_POINT('',(38.305,69.,2.));
#411 = VECTOR('',#412,1.);
#412 = DIRECTION('',(-1.,0.,0.));
#413 = CYLINDRICAL_SURFACE('',#414,2.);
#414 = AXIS2_PLACEMENT_3D('',#415,#416,#417);
#415 = CARTESIAN_POINT('',(38.305,67.,2.));
#416 = DIRECTION('',(-1.,0.,0.));
#417 = DIRECTION('',(0.,1.,0.));
#418 = ADVANCED_FACE('',(#419),#438,.T.);
#419 = FACE_BOUND('',#420,.F.);
#420 = EDGE_LOOP('',(#421,#422,#423,#431));
#421 = ORIENTED_EDGE('',*,*,#135,.F.);
#422 = ORIENTED_EDGE('',*,*,#73,.T.);
#423 = ORIENTED_EDGE('',*,*,#424,.T.);
#424 = EDGE_CURVE('',#65,#425,#427,.T.);
#425 = VERTEX_POINT('',#426);
#426 = CARTESIAN_POINT('',(36.305,-62.45354967164,0.));
#427 = LINE('',#428,#429);
#428 = CARTESIAN_POINT('',(36.305,69.,-4.4E-16));
#429 = VECTOR('',#430,1.);
#430 = DIRECTION('',(5.E-17,-1.,0.));
#431 = ORIENTED_EDGE('',*,*,#432,.T.);
#432 = EDGE_CURVE('',#425,#128,#433,.T.);
#433 = CIRCLE('',#434,2.);
#434 = AXIS2_PLACEMENT_3D('',#435,#436,#437);
#435 = CARTESIAN_POINT('',(36.305,-62.45354967164,2.));
#436 = DIRECTION('',(3.55E-15,-1.,0.));
#437 = DIRECTION('',(1.,3.55E-15,0.));
#438 = CYLINDRICAL_SURFACE('',#439,2.);
#439 = AXIS2_PLACEMENT_3D('',#440,#441,#442);
#440 = CARTESIAN_POINT('',(36.305,69.,2.));
#441 = DIRECTION('',(5.E-17,-1.,0.));
#442 = DIRECTION('',(1.,5.E-17,0.));
#443 = ADVANCED_FACE('',(#444),#462,.F.);
#444 = FACE_BOUND('',#445,.F.);
#445 = EDGE_LOOP('',(#446,#447,#455,#461));
#446 = ORIENTED_EDGE('',*,*,#88,.T.);
#447 = ORIENTED_EDGE('',*,*,#448,.T.);
#448 = EDGE_CURVE('',#89,#449,#451,.T.);
#449 = VERTEX_POINT('',#450);
#450 = CARTESIAN_POINT('',(-36.305,68.,2.));
#451 = LINE('',#452,#453);
#452 = CARTESIAN_POINT('',(38.305,68.,2.));
#453 = VECTOR('',#454,1.);
#454 = DIRECTION('',(-1.,0.,0.));
#455 = ORIENTED_EDGE('',*,*,#456,.F.);
#456 = EDGE_CURVE('',#400,#449,#457,.T.);
#457 = LINE('',#458,#459);
#458 = CARTESIAN_POINT('',(-36.305,69.,2.));
#459 = VECTOR('',#460,1.);
#460 = DIRECTION('',(0.,-1.,0.));
#461 = ORIENTED_EDGE('',*,*,#408,.F.);
#462 = PLANE('',#463);
#463 = AXIS2_PLACEMENT_3D('',#464,#465,#466);
#464 = CARTESIAN_POINT('',(36.305,69.,2.));
#465 = DIRECTION('',(-0.,-0.,-1.));
#466 = DIRECTION('',(-1.,0.,0.));
#467 = ADVANCED_FACE('',(#468),#613,.T.);
#468 = FACE_BOUND('',#469,.T.);
#469 = EDGE_LOOP('',(#470,#471,#472,#478,#479,#487,#495,#504,#512,#521,
    #530,#538,#547,#555,#564,#572,#581,#589,#598,#606,#612));
#470 = ORIENTED_EDGE('',*,*,#96,.F.);
#471 = ORIENTED_EDGE('',*,*,#448,.T.);
#472 = ORIENTED_EDGE('',*,*,#473,.T.);
#473 = EDGE_CURVE('',#449,#288,#474,.T.);
#474 = LINE('',#475,#476);
#475 = CARTESIAN_POINT('',(-36.305,68.,0.));
#476 = VECTOR('',#477,1.);
#477 = DIRECTION('',(0.,0.,1.));
#478 = ORIENTED_EDGE('',*,*,#287,.T.);
#479 = ORIENTED_EDGE('',*,*,#480,.T.);
#480 = EDGE_CURVE('',#280,#481,#483,.T.);
#481 = VERTEX_POINT('',#482);
#482 = CARTESIAN_POINT('',(-36.705,68.,10.75));
#483 = LINE('',#484,#485);
#484 = CARTESIAN_POINT('',(-36.705,68.,6.75));
#485 = VECTOR('',#486,1.);
#486 = DIRECTION('',(0.,0.,1.));
#487 = ORIENTED_EDGE('',*,*,#488,.F.);
#488 = EDGE_CURVE('',#489,#481,#491,.T.);
#489 = VERTEX_POINT('',#490);
#490 = CARTESIAN_POINT('',(-21.91397185564,68.,10.75));
#491 = LINE('',#492,#493);
#492 = CARTESIAN_POINT('',(18.3525,68.,10.75));
#493 = VECTOR('',#494,1.);
#494 = DIRECTION('',(-1.,0.,0.));
#495 = ORIENTED_EDGE('',*,*,#496,.F.);
#496 = EDGE_CURVE('',#497,#489,#499,.T.);
#497 = VERTEX_POINT('',#498);
#498 = CARTESIAN_POINT('',(-7.666028144356,68.,10.75));
#499 = CIRCLE('',#500,7.5);
#500 = AXIS2_PLACEMENT_3D('',#501,#502,#503);
#501 = CARTESIAN_POINT('',(-14.79,68.,13.095));
#502 = DIRECTION('',(0.,1.,-0.));
#503 = DIRECTION('',(-1.,0.,0.));
#504 = ORIENTED_EDGE('',*,*,#505,.F.);
#505 = EDGE_CURVE('',#506,#497,#508,.T.);
#506 = VERTEX_POINT('',#507);
#507 = CARTESIAN_POINT('',(1.16851748862,68.,10.75));
#508 = LINE('',#509,#510);
#509 = CARTESIAN_POINT('',(18.3525,68.,10.75));
#510 = VECTOR('',#511,1.);
#511 = DIRECTION('',(-1.,0.,0.));
#512 = ORIENTED_EDGE('',*,*,#513,.F.);
#513 = EDGE_CURVE('',#514,#506,#516,.T.);
#514 = VERTEX_POINT('',#515);
#515 = CARTESIAN_POINT('',(2.9125,68.,9.145));
#516 = CIRCLE('',#517,1.75);
#517 = AXIS2_PLACEMENT_3D('',#518,#519,#520);
#518 = CARTESIAN_POINT('',(2.9125,68.,10.895));
#519 = DIRECTION('',(0.,1.,0.));
#520 = DIRECTION('',(0.,-0.,1.));
#521 = ORIENTED_EDGE('',*,*,#522,.F.);
#522 = EDGE_CURVE('',#523,#514,#525,.T.);
#523 = VERTEX_POINT('',#524);
#524 = CARTESIAN_POINT('',(4.65648251138,68.,10.75));
#525 = CIRCLE('',#526,1.75);
#526 = AXIS2_PLACEMENT_3D('',#527,#528,#529);
#527 = CARTESIAN_POINT('',(2.9125,68.,10.895));
#528 = DIRECTION('',(0.,1.,0.));
#529 = DIRECTION('',(0.,-0.,1.));
#530 = ORIENTED_EDGE('',*,*,#531,.F.);
#531 = EDGE_CURVE('',#532,#523,#534,.T.);
#532 = VERTEX_POINT('',#533);
#533 = CARTESIAN_POINT('',(11.210953286115,68.,10.75));
#534 = LINE('',#535,#536);
#535 = CARTESIAN_POINT('',(18.3525,68.,10.75));
#536 = VECTOR('',#537,1.);
#537 = DIRECTION('',(-1.,0.,0.));
#538 = ORIENTED_EDGE('',*,*,#539,.F.);
#539 = EDGE_CURVE('',#540,#532,#542,.T.);
#540 = VERTEX_POINT('',#541);
#541 = CARTESIAN_POINT('',(10.749999999999,68.,8.824999999991));
#542 = CIRCLE('',#543,4.25);
#543 = AXIS2_PLACEMENT_3D('',#544,#545,#546);
#544 = CARTESIAN_POINT('',(15.,68.,8.825));
#545 = DIRECTION('',(0.,1.,-0.));
#546 = DIRECTION('',(-1.,0.,0.));
#547 = ORIENTED_EDGE('',*,*,#548,.F.);
#548 = EDGE_CURVE('',#549,#540,#551,.T.);
#549 = VERTEX_POINT('',#550);
#550 = CARTESIAN_POINT('',(10.749999999999,68.,8.165));
#551 = LINE('',#552,#553);
#552 = CARTESIAN_POINT('',(10.749999999999,68.,8.165));
#553 = VECTOR('',#554,1.);
#554 = DIRECTION('',(0.,0.,1.));
#555 = ORIENTED_EDGE('',*,*,#556,.F.);
#556 = EDGE_CURVE('',#557,#549,#559,.T.);
#557 = VERTEX_POINT('',#558);
#558 = CARTESIAN_POINT('',(14.999999999999,68.,3.915));
#559 = CIRCLE('',#560,4.25);
#560 = AXIS2_PLACEMENT_3D('',#561,#562,#563);
#561 = CARTESIAN_POINT('',(14.999999999999,68.,8.165));
#562 = DIRECTION('',(0.,1.,-0.));
#563 = DIRECTION('',(-1.,0.,0.));
#564 = ORIENTED_EDGE('',*,*,#565,.F.);
#565 = EDGE_CURVE('',#566,#557,#568,.T.);
#566 = VERTEX_POINT('',#567);
#567 = CARTESIAN_POINT('',(21.44,68.,3.915));
#568 = LINE('',#569,#570);
#569 = CARTESIAN_POINT('',(21.44,68.,3.915));
#570 = VECTOR('',#571,1.);
#571 = DIRECTION('',(-1.,0.,0.));
#572 = ORIENTED_EDGE('',*,*,#573,.F.);
#573 = EDGE_CURVE('',#574,#566,#576,.T.);
#574 = VERTEX_POINT('',#575);
#575 = CARTESIAN_POINT('',(25.689999999999,68.,8.165));
#576 = CIRCLE('',#577,4.25);
#577 = AXIS2_PLACEMENT_3D('',#578,#579,#580);
#578 = CARTESIAN_POINT('',(21.44,68.,8.165));
#579 = DIRECTION('',(0.,1.,-0.));
#580 = DIRECTION('',(-1.,0.,0.));
#581 = ORIENTED_EDGE('',*,*,#582,.F.);
#582 = EDGE_CURVE('',#583,#574,#585,.T.);
#583 = VERTEX_POINT('',#584);
#584 = CARTESIAN_POINT('',(25.689999999999,68.,8.824999999993));
#585 = LINE('',#586,#587);
#586 = CARTESIAN_POINT('',(25.689999999999,68.,8.824999999994));
#587 = VECTOR('',#588,1.);
#588 = DIRECTION('',(0.,0.,-1.));
#589 = ORIENTED_EDGE('',*,*,#590,.F.);
#590 = EDGE_CURVE('',#591,#583,#593,.T.);
#591 = VERTEX_POINT('',#592);
#592 = CARTESIAN_POINT('',(25.229046713883,68.,10.75));
#593 = CIRCLE('',#594,4.25);
#594 = AXIS2_PLACEMENT_3D('',#595,#596,#597);
#595 = CARTESIAN_POINT('',(21.439999999999,68.,8.825));
#596 = DIRECTION('',(0.,1.,-0.));
#597 = DIRECTION('',(-1.,0.,0.));
#598 = ORIENTED_EDGE('',*,*,#599,.F.);
#599 = EDGE_CURVE('',#600,#591,#602,.T.);
#600 = VERTEX_POINT('',#601);
#601 = CARTESIAN_POINT('',(36.705,68.,10.75));
#602 = LINE('',#603,#604);
#603 = CARTESIAN_POINT('',(18.3525,68.,10.75));
#604 = VECTOR('',#605,1.);
#605 = DIRECTION('',(-1.,0.,0.));
#606 = ORIENTED_EDGE('',*,*,#607,.F.);
#607 = EDGE_CURVE('',#153,#600,#608,.T.);
#608 = LINE('',#609,#610);
#609 = CARTESIAN_POINT('',(36.705,68.,6.75));
#610 = VECTOR('',#611,1.);
#611 = DIRECTION('',(0.,0.,1.));
#612 = ORIENTED_EDGE('',*,*,#152,.T.);
#613 = PLANE('',#614);
#614 = AXIS2_PLACEMENT_3D('',#615,#616,#617);
#615 = CARTESIAN_POINT('',(-1.38E-15,68.,6.398125608569));
#616 = DIRECTION('',(0.,1.,0.));
#617 = DIRECTION('',(0.,0.,1.));
#618 = ADVANCED_FACE('',(#619),#638,.T.);
#619 = FACE_BOUND('',#620,.F.);
#620 = EDGE_LOOP('',(#621,#622,#631,#637));
#621 = ORIENTED_EDGE('',*,*,#127,.F.);
#622 = ORIENTED_EDGE('',*,*,#623,.T.);
#623 = EDGE_CURVE('',#128,#624,#626,.T.);
#624 = VERTEX_POINT('',#625);
#625 = CARTESIAN_POINT('',(36.798182981465,-64.39178870406,2.));
#626 = CIRCLE('',#627,2.);
#627 = AXIS2_PLACEMENT_3D('',#628,#629,#630);
#628 = CARTESIAN_POINT('',(36.305,-62.45354967164,2.));
#629 = DIRECTION('',(0.,0.,-1.));
#630 = DIRECTION('',(1.,3.55E-15,0.));
#631 = ORIENTED_EDGE('',*,*,#632,.T.);
#632 = EDGE_CURVE('',#624,#366,#633,.T.);
#633 = LINE('',#634,#635);
#634 = CARTESIAN_POINT('',(36.798182981465,-64.39178870406,0.));
#635 = VECTOR('',#636,1.);
#636 = DIRECTION('',(0.,0.,1.));
#637 = ORIENTED_EDGE('',*,*,#374,.F.);
#638 = CYLINDRICAL_SURFACE('',#639,2.);
#639 = AXIS2_PLACEMENT_3D('',#640,#641,#642);
#640 = CARTESIAN_POINT('',(36.305,-62.45354967164,0.));
#641 = DIRECTION('',(0.,0.,1.));
#642 = DIRECTION('',(1.,5.E-17,0.));
#643 = ADVANCED_FACE('',(#644),#667,.T.);
#644 = FACE_BOUND('',#645,.F.);
#645 = EDGE_LOOP('',(#646,#647,#648,#649,#650,#651,#652,#661));
#646 = ORIENTED_EDGE('',*,*,#329,.T.);
#647 = ORIENTED_EDGE('',*,*,#338,.T.);
#648 = ORIENTED_EDGE('',*,*,#347,.T.);
#649 = ORIENTED_EDGE('',*,*,#356,.T.);
#650 = ORIENTED_EDGE('',*,*,#365,.T.);
#651 = ORIENTED_EDGE('',*,*,#632,.F.);
#652 = ORIENTED_EDGE('',*,*,#653,.F.);
#653 = EDGE_CURVE('',#654,#624,#656,.T.);
#654 = VERTEX_POINT('',#655);
#655 = CARTESIAN_POINT('',(-36.79818298146,-64.39178870406,2.));
#656 = CIRCLE('',#657,149.2273025);
#657 = AXIS2_PLACEMENT_3D('',#658,#659,#660);
#658 = CARTESIAN_POINT('',(1.319E-14,80.2273025,2.));
#659 = DIRECTION('',(0.,0.,1.));
#660 = DIRECTION('',(-0.256688952747,-0.966494066996,0.));
#661 = ORIENTED_EDGE('',*,*,#662,.T.);
#662 = EDGE_CURVE('',#654,#321,#663,.T.);
#663 = LINE('',#664,#665);
#664 = CARTESIAN_POINT('',(-36.79818298146,-64.39178870406,0.));
#665 = VECTOR('',#666,1.);
#666 = DIRECTION('',(0.,0.,1.));
#667 = CYLINDRICAL_SURFACE('',#668,149.2273025);
#668 = AXIS2_PLACEMENT_3D('',#669,#670,#671);
#669 = CARTESIAN_POINT('',(1.319E-14,80.2273025,0.));
#670 = DIRECTION('',(-0.,-0.,-1.));
#671 = DIRECTION('',(1.,0.,0.));
#672 = ADVANCED_FACE('',(#673),#692,.T.);
#673 = FACE_BOUND('',#674,.T.);
#674 = EDGE_LOOP('',(#675,#683,#690,#691));
#675 = ORIENTED_EDGE('',*,*,#676,.F.);
#676 = EDGE_CURVE('',#677,#313,#679,.T.);
#677 = VERTEX_POINT('',#678);
#678 = CARTESIAN_POINT('',(-38.305,-62.45354967164,2.));
#679 = LINE('',#680,#681);
#680 = CARTESIAN_POINT('',(-38.305,-62.45354967164,0.));
#681 = VECTOR('',#682,1.);
#682 = DIRECTION('',(0.,0.,1.));
#683 = ORIENTED_EDGE('',*,*,#684,.F.);
#684 = EDGE_CURVE('',#654,#677,#685,.T.);
#685 = CIRCLE('',#686,2.);
#686 = AXIS2_PLACEMENT_3D('',#687,#688,#689);
#687 = CARTESIAN_POINT('',(-36.305,-62.45354967164,2.));
#688 = DIRECTION('',(-0.,0.,-1.));
#689 = DIRECTION('',(-0.246591490733,-0.96911951621,0.));
#690 = ORIENTED_EDGE('',*,*,#662,.T.);
#691 = ORIENTED_EDGE('',*,*,#320,.F.);
#692 = CYLINDRICAL_SURFACE('',#693,2.);
#693 = AXIS2_PLACEMENT_3D('',#694,#695,#696);
#694 = CARTESIAN_POINT('',(-36.305,-62.45354967164,0.));
#695 = DIRECTION('',(0.,0.,1.));
#696 = DIRECTION('',(-1.,2.1E-16,0.));
#697 = ADVANCED_FACE('',(#698),#716,.F.);
#698 = FACE_BOUND('',#699,.F.);
#699 = EDGE_LOOP('',(#700,#701,#702,#710));
#700 = ORIENTED_EDGE('',*,*,#312,.T.);
#701 = ORIENTED_EDGE('',*,*,#676,.F.);
#702 = ORIENTED_EDGE('',*,*,#703,.F.);
#703 = EDGE_CURVE('',#704,#677,#706,.T.);
#704 = VERTEX_POINT('',#705);
#705 = CARTESIAN_POINT('',(-38.305,67.,2.));
#706 = LINE('',#707,#708);
#707 = CARTESIAN_POINT('',(-38.305,69.,2.));
#708 = VECTOR('',#709,1.);
#709 = DIRECTION('',(-2.1E-16,-1.,0.));
#710 = ORIENTED_EDGE('',*,*,#711,.T.);
#711 = EDGE_CURVE('',#704,#304,#712,.T.);
#712 = LINE('',#713,#714);
#713 = CARTESIAN_POINT('',(-38.305,67.,0.));
#714 = VECTOR('',#715,1.);
#715 = DIRECTION('',(0.,0.,1.));
#716 = PLANE('',#717);
#717 = AXIS2_PLACEMENT_3D('',#718,#719,#720);
#718 = CARTESIAN_POINT('',(-38.305,69.,0.));
#719 = DIRECTION('',(1.,-2.1E-16,0.));
#720 = DIRECTION('',(-2.1E-16,-1.,0.));
#721 = ADVANCED_FACE('',(#722),#739,.T.);
#722 = FACE_BOUND('',#723,.T.);
#723 = EDGE_LOOP('',(#724,#731,#732,#733));
#724 = ORIENTED_EDGE('',*,*,#725,.T.);
#725 = EDGE_CURVE('',#400,#704,#726,.T.);
#726 = CIRCLE('',#727,2.);
#727 = AXIS2_PLACEMENT_3D('',#728,#729,#730);
#728 = CARTESIAN_POINT('',(-36.305,67.,2.));
#729 = DIRECTION('',(0.,0.,1.));
#730 = DIRECTION('',(-1.,0.,0.));
#731 = ORIENTED_EDGE('',*,*,#711,.T.);
#732 = ORIENTED_EDGE('',*,*,#303,.F.);
#733 = ORIENTED_EDGE('',*,*,#734,.F.);
#734 = EDGE_CURVE('',#400,#296,#735,.T.);
#735 = LINE('',#736,#737);
#736 = CARTESIAN_POINT('',(-36.305,69.,0.));
#737 = VECTOR('',#738,1.);
#738 = DIRECTION('',(0.,0.,1.));
#739 = CYLINDRICAL_SURFACE('',#740,2.);
#740 = AXIS2_PLACEMENT_3D('',#741,#742,#743);
#741 = CARTESIAN_POINT('',(-36.305,67.,0.));
#742 = DIRECTION('',(0.,0.,1.));
#743 = DIRECTION('',(0.,1.,0.));
#744 = ADVANCED_FACE('',(#745),#751,.F.);
#745 = FACE_BOUND('',#746,.F.);
#746 = EDGE_LOOP('',(#747,#748,#749,#750));
#747 = ORIENTED_EDGE('',*,*,#456,.T.);
#748 = ORIENTED_EDGE('',*,*,#473,.T.);
#749 = ORIENTED_EDGE('',*,*,#295,.F.);
#750 = ORIENTED_EDGE('',*,*,#734,.F.);
#751 = PLANE('',#752);
#752 = AXIS2_PLACEMENT_3D('',#753,#754,#755);
#753 = CARTESIAN_POINT('',(-36.305,69.,2.));
#754 = DIRECTION('',(-1.,0.,0.));
#755 = DIRECTION('',(0.,0.,1.));
#756 = ADVANCED_FACE('',(#757),#775,.T.);
#757 = FACE_BOUND('',#758,.T.);
#758 = EDGE_LOOP('',(#759,#760,#768,#774));
#759 = ORIENTED_EDGE('',*,*,#279,.F.);
#760 = ORIENTED_EDGE('',*,*,#761,.T.);
#761 = EDGE_CURVE('',#271,#762,#764,.T.);
#762 = VERTEX_POINT('',#763);
#763 = CARTESIAN_POINT('',(-36.705,-62.4,10.75));
#764 = LINE('',#765,#766);
#765 = CARTESIAN_POINT('',(-36.705,-62.4,6.75));
#766 = VECTOR('',#767,1.);
#767 = DIRECTION('',(0.,0.,1.));
#768 = ORIENTED_EDGE('',*,*,#769,.T.);
#769 = EDGE_CURVE('',#762,#481,#770,.T.);
#770 = LINE('',#771,#772);
#771 = CARTESIAN_POINT('',(-36.705,-62.4,10.75));
#772 = VECTOR('',#773,1.);
#773 = DIRECTION('',(0.,1.,0.));
#774 = ORIENTED_EDGE('',*,*,#480,.F.);
#775 = PLANE('',#776);
#776 = AXIS2_PLACEMENT_3D('',#777,#778,#779);
#777 = CARTESIAN_POINT('',(-36.705,2.8,8.75));
#778 = DIRECTION('',(-1.,-0.,-0.));
#779 = DIRECTION('',(0.,0.,-1.));
#780 = ADVANCED_FACE('',(#781),#800,.T.);
#781 = FACE_BOUND('',#782,.F.);
#782 = EDGE_LOOP('',(#783,#784,#785,#794));
#783 = ORIENTED_EDGE('',*,*,#270,.F.);
#784 = ORIENTED_EDGE('',*,*,#761,.T.);
#785 = ORIENTED_EDGE('',*,*,#786,.T.);
#786 = EDGE_CURVE('',#762,#787,#789,.T.);
#787 = VERTEX_POINT('',#788);
#788 = CARTESIAN_POINT('',(-23.125,-65.18186266263,10.75));
#789 = CIRCLE('',#790,149.2273025);
#790 = AXIS2_PLACEMENT_3D('',#791,#792,#793);
#791 = CARTESIAN_POINT('',(2.937E-14,82.242769561519,10.75));
#792 = DIRECTION('',(0.,0.,1.));
#793 = DIRECTION('',(1.,0.,0.));
#794 = ORIENTED_EDGE('',*,*,#795,.T.);
#795 = EDGE_CURVE('',#787,#263,#796,.T.);
#796 = LINE('',#797,#798);
#797 = CARTESIAN_POINT('',(-23.125,-65.18186266263,6.75));
#798 = VECTOR('',#799,1.);
#799 = DIRECTION('',(-0.,-0.,-1.));
#800 = CYLINDRICAL_SURFACE('',#801,149.2273025);
#801 = AXIS2_PLACEMENT_3D('',#802,#803,#804);
#802 = CARTESIAN_POINT('',(2.937E-14,82.242769561519,6.75));
#803 = DIRECTION('',(-0.,-0.,-1.));
#804 = DIRECTION('',(1.,0.,0.));
#805 = ADVANCED_FACE('',(#806),#824,.F.);
#806 = FACE_BOUND('',#807,.F.);
#807 = EDGE_LOOP('',(#808,#816,#822,#823));
#808 = ORIENTED_EDGE('',*,*,#809,.F.);
#809 = EDGE_CURVE('',#810,#787,#812,.T.);
#810 = VERTEX_POINT('',#811);
#811 = CARTESIAN_POINT('',(-23.125,-63.43378842211,10.75));
#812 = LINE('',#813,#814);
#813 = CARTESIAN_POINT('',(-23.125,-63.23645869796,10.75));
#814 = VECTOR('',#815,1.);
#815 = DIRECTION('',(0.,-1.,0.));
#816 = ORIENTED_EDGE('',*,*,#817,.T.);
#817 = EDGE_CURVE('',#810,#254,#818,.T.);
#818 = LINE('',#819,#820);
#819 = CARTESIAN_POINT('',(-23.125,-63.43378842211,6.75));
#820 = VECTOR('',#821,1.);
#821 = DIRECTION('',(-0.,-0.,-1.));
#822 = ORIENTED_EDGE('',*,*,#262,.F.);
#823 = ORIENTED_EDGE('',*,*,#795,.F.);
#824 = PLANE('',#825);
#825 = AXIS2_PLACEMENT_3D('',#826,#827,#828);
#826 = CARTESIAN_POINT('',(-23.125,-63.23645869796,10.75));
#827 = DIRECTION('',(-1.,0.,0.));
#828 = DIRECTION('',(0.,-1.,0.));
#829 = ADVANCED_FACE('',(#830),#931,.F.);
#830 = FACE_BOUND('',#831,.T.);
#831 = EDGE_LOOP('',(#832,#843,#851,#858,#859,#860,#868,#877,#883,#884,
    #892,#901,#907,#908,#916,#925));
#832 = ORIENTED_EDGE('',*,*,#833,.F.);
#833 = EDGE_CURVE('',#834,#836,#838,.T.);
#834 = VERTEX_POINT('',#835);
#835 = CARTESIAN_POINT('',(-35.305,-60.99999999999,3.));
#836 = VERTEX_POINT('',#837);
#837 = CARTESIAN_POINT('',(35.304999999999,-60.99999999999,3.));
#838 = CIRCLE('',#839,149.2273025);
#839 = AXIS2_PLACEMENT_3D('',#840,#841,#842);
#840 = CARTESIAN_POINT('',(-2.4439E-13,83.99084380204,3.));
#841 = DIRECTION('',(0.,0.,1.));
#842 = DIRECTION('',(1.,0.,0.));
#843 = ORIENTED_EDGE('',*,*,#844,.T.);
#844 = EDGE_CURVE('',#834,#845,#847,.T.);
#845 = VERTEX_POINT('',#846);
#846 = CARTESIAN_POINT('',(-35.305,-60.99999999999,10.75));
#847 = LINE('',#848,#849);
#848 = CARTESIAN_POINT('',(-35.305,-60.99999999999,6.75));
#849 = VECTOR('',#850,1.);
#850 = DIRECTION('',(0.,0.,1.));
#851 = ORIENTED_EDGE('',*,*,#852,.T.);
#852 = EDGE_CURVE('',#845,#810,#853,.T.);
#853 = CIRCLE('',#854,149.2273025);
#854 = AXIS2_PLACEMENT_3D('',#855,#856,#857);
#855 = CARTESIAN_POINT('',(-2.4439E-13,83.99084380204,10.75));
#856 = DIRECTION('',(0.,0.,1.));
#857 = DIRECTION('',(1.,0.,0.));
#858 = ORIENTED_EDGE('',*,*,#817,.T.);
#859 = ORIENTED_EDGE('',*,*,#253,.F.);
#860 = ORIENTED_EDGE('',*,*,#861,.F.);
#861 = EDGE_CURVE('',#862,#246,#864,.T.);
#862 = VERTEX_POINT('',#863);
#863 = CARTESIAN_POINT('',(-19.475,-63.96020278576,10.75));
#864 = LINE('',#865,#866);
#865 = CARTESIAN_POINT('',(-19.475,-63.96020278576,6.75));
#866 = VECTOR('',#867,1.);
#867 = DIRECTION('',(-0.,-0.,-1.));
#868 = ORIENTED_EDGE('',*,*,#869,.T.);
#869 = EDGE_CURVE('',#862,#870,#872,.T.);
#870 = VERTEX_POINT('',#871);
#871 = CARTESIAN_POINT('',(-1.824999999999,-65.22529871084,10.75));
#872 = CIRCLE('',#873,149.2273025);
#873 = AXIS2_PLACEMENT_3D('',#874,#875,#876);
#874 = CARTESIAN_POINT('',(-2.4439E-13,83.99084380204,10.75));
#875 = DIRECTION('',(0.,0.,1.));
#876 = DIRECTION('',(1.,0.,0.));
#877 = ORIENTED_EDGE('',*,*,#878,.T.);
#878 = EDGE_CURVE('',#870,#220,#879,.T.);
#879 = LINE('',#880,#881);
#880 = CARTESIAN_POINT('',(-1.825,-65.22529871084,6.75));
#881 = VECTOR('',#882,1.);
#882 = DIRECTION('',(-0.,-0.,-1.));
#883 = ORIENTED_EDGE('',*,*,#219,.F.);
#884 = ORIENTED_EDGE('',*,*,#885,.F.);
#885 = EDGE_CURVE('',#886,#212,#888,.T.);
#886 = VERTEX_POINT('',#887);
#887 = CARTESIAN_POINT('',(1.824999999999,-65.22529871084,10.75));
#888 = LINE('',#889,#890);
#889 = CARTESIAN_POINT('',(1.825,-65.22529871084,6.75));
#890 = VECTOR('',#891,1.);
#891 = DIRECTION('',(-0.,-0.,-1.));
#892 = ORIENTED_EDGE('',*,*,#893,.T.);
#893 = EDGE_CURVE('',#886,#894,#896,.T.);
#894 = VERTEX_POINT('',#895);
#895 = CARTESIAN_POINT('',(19.475000000002,-63.96020278576,10.75));
#896 = CIRCLE('',#897,149.2273025);
#897 = AXIS2_PLACEMENT_3D('',#898,#899,#900);
#898 = CARTESIAN_POINT('',(-2.4439E-13,83.99084380204,10.75));
#899 = DIRECTION('',(0.,0.,1.));
#900 = DIRECTION('',(1.,0.,0.));
#901 = ORIENTED_EDGE('',*,*,#902,.T.);
#902 = EDGE_CURVE('',#894,#186,#903,.T.);
#903 = LINE('',#904,#905);
#904 = CARTESIAN_POINT('',(19.475,-63.96020278576,6.75));
#905 = VECTOR('',#906,1.);
#906 = DIRECTION('',(-0.,-0.,-1.));
#907 = ORIENTED_EDGE('',*,*,#185,.F.);
#908 = ORIENTED_EDGE('',*,*,#909,.F.);
#909 = EDGE_CURVE('',#910,#178,#912,.T.);
#910 = VERTEX_POINT('',#911);
#911 = CARTESIAN_POINT('',(23.125000000006,-63.43378842211,10.75));
#912 = LINE('',#913,#914);
#913 = CARTESIAN_POINT('',(23.125,-63.43378842211,6.75));
#914 = VECTOR('',#915,1.);
#915 = DIRECTION('',(-0.,-0.,-1.));
#916 = ORIENTED_EDGE('',*,*,#917,.T.);
#917 = EDGE_CURVE('',#910,#918,#920,.T.);
#918 = VERTEX_POINT('',#919);
#919 = CARTESIAN_POINT('',(35.304999999999,-60.99999999999,10.75));
#920 = CIRCLE('',#921,149.2273025);
#921 = AXIS2_PLACEMENT_3D('',#922,#923,#924);
#922 = CARTESIAN_POINT('',(-2.4439E-13,83.99084380204,10.75));
#923 = DIRECTION('',(0.,0.,1.));
#924 = DIRECTION('',(1.,0.,0.));
#925 = ORIENTED_EDGE('',*,*,#926,.T.);
#926 = EDGE_CURVE('',#918,#836,#927,.T.);
#927 = LINE('',#928,#929);
#928 = CARTESIAN_POINT('',(35.304999999999,-60.99999999999,6.75));
#929 = VECTOR('',#930,1.);
#930 = DIRECTION('',(-0.,-0.,-1.));
#931 = CYLINDRICAL_SURFACE('',#932,149.2273025);
#932 = AXIS2_PLACEMENT_3D('',#933,#934,#935);
#933 = CARTESIAN_POINT('',(-2.4439E-13,83.99084380204,6.75));
#934 = DIRECTION('',(-0.,-0.,-1.));
#935 = DIRECTION('',(1.,0.,0.));
#936 = ADVANCED_FACE('',(#937),#955,.F.);
#937 = FACE_BOUND('',#938,.F.);
#938 = EDGE_LOOP('',(#939,#947,#953,#954));
#939 = ORIENTED_EDGE('',*,*,#940,.F.);
#940 = EDGE_CURVE('',#941,#862,#943,.T.);
#941 = VERTEX_POINT('',#942);
#942 = CARTESIAN_POINT('',(-19.475,-65.70827702628,10.75));
#943 = LINE('',#944,#945);
#944 = CARTESIAN_POINT('',(-19.475,-68.98453293848,10.75));
#945 = VECTOR('',#946,1.);
#946 = DIRECTION('',(0.,1.,0.));
#947 = ORIENTED_EDGE('',*,*,#948,.T.);
#948 = EDGE_CURVE('',#941,#237,#949,.T.);
#949 = LINE('',#950,#951);
#950 = CARTESIAN_POINT('',(-19.475,-65.70827702628,6.75));
#951 = VECTOR('',#952,1.);
#952 = DIRECTION('',(-0.,-0.,-1.));
#953 = ORIENTED_EDGE('',*,*,#245,.F.);
#954 = ORIENTED_EDGE('',*,*,#861,.F.);
#955 = PLANE('',#956);
#956 = AXIS2_PLACEMENT_3D('',#957,#958,#959);
#957 = CARTESIAN_POINT('',(-19.475,-68.98453293848,10.75));
#958 = DIRECTION('',(1.,0.,0.));
#959 = DIRECTION('',(0.,1.,0.));
#960 = ADVANCED_FACE('',(#961),#980,.T.);
#961 = FACE_BOUND('',#962,.F.);
#962 = EDGE_LOOP('',(#963,#964,#965,#974));
#963 = ORIENTED_EDGE('',*,*,#236,.F.);
#964 = ORIENTED_EDGE('',*,*,#948,.F.);
#965 = ORIENTED_EDGE('',*,*,#966,.T.);
#966 = EDGE_CURVE('',#941,#967,#969,.T.);
#967 = VERTEX_POINT('',#968);
#968 = CARTESIAN_POINT('',(-1.824999999999,-66.97337295137,10.75));
#969 = CIRCLE('',#970,149.2273025);
#970 = AXIS2_PLACEMENT_3D('',#971,#972,#973);
#971 = CARTESIAN_POINT('',(2.937E-14,82.242769561519,10.75));
#972 = DIRECTION('',(0.,0.,1.));
#973 = DIRECTION('',(1.,0.,0.));
#974 = ORIENTED_EDGE('',*,*,#975,.T.);
#975 = EDGE_CURVE('',#967,#229,#976,.T.);
#976 = LINE('',#977,#978);
#977 = CARTESIAN_POINT('',(-1.825,-66.97337295137,6.75));
#978 = VECTOR('',#979,1.);
#979 = DIRECTION('',(-0.,-0.,-1.));
#980 = CYLINDRICAL_SURFACE('',#981,149.2273025);
#981 = AXIS2_PLACEMENT_3D('',#982,#983,#984);
#982 = CARTESIAN_POINT('',(2.937E-14,82.242769561519,6.75));
#983 = DIRECTION('',(-0.,-0.,-1.));
#984 = DIRECTION('',(1.,0.,0.));
#985 = ADVANCED_FACE('',(#986),#997,.F.);
#986 = FACE_BOUND('',#987,.F.);
#987 = EDGE_LOOP('',(#988,#994,#995,#996));
#988 = ORIENTED_EDGE('',*,*,#989,.F.);
#989 = EDGE_CURVE('',#870,#967,#990,.T.);
#990 = LINE('',#991,#992);
#991 = CARTESIAN_POINT('',(-1.825,-63.23645869796,10.75));
#992 = VECTOR('',#993,1.);
#993 = DIRECTION('',(0.,-1.,0.));
#994 = ORIENTED_EDGE('',*,*,#878,.T.);
#995 = ORIENTED_EDGE('',*,*,#228,.F.);
#996 = ORIENTED_EDGE('',*,*,#975,.F.);
#997 = PLANE('',#998);
#998 = AXIS2_PLACEMENT_3D('',#999,#1000,#1001);
#999 = CARTESIAN_POINT('',(-1.825,-63.23645869796,10.75));
#1000 = DIRECTION('',(-1.,0.,0.));
#1001 = DIRECTION('',(0.,-1.,0.));
#1002 = ADVANCED_FACE('',(#1003),#1021,.F.);
#1003 = FACE_BOUND('',#1004,.F.);
#1004 = EDGE_LOOP('',(#1005,#1013,#1019,#1020));
#1005 = ORIENTED_EDGE('',*,*,#1006,.F.);
#1006 = EDGE_CURVE('',#1007,#886,#1009,.T.);
#1007 = VERTEX_POINT('',#1008);
#1008 = CARTESIAN_POINT('',(1.824999999999,-66.97337295137,10.75));
#1009 = LINE('',#1010,#1011);
#1010 = CARTESIAN_POINT('',(1.825,-68.98453293848,10.75));
#1011 = VECTOR('',#1012,1.);
#1012 = DIRECTION('',(0.,1.,0.));
#1013 = ORIENTED_EDGE('',*,*,#1014,.T.);
#1014 = EDGE_CURVE('',#1007,#203,#1015,.T.);
#1015 = LINE('',#1016,#1017);
#1016 = CARTESIAN_POINT('',(1.825,-66.97337295137,6.75));
#1017 = VECTOR('',#1018,1.);
#1018 = DIRECTION('',(-0.,-0.,-1.));
#1019 = ORIENTED_EDGE('',*,*,#211,.F.);
#1020 = ORIENTED_EDGE('',*,*,#885,.F.);
#1021 = PLANE('',#1022);
#1022 = AXIS2_PLACEMENT_3D('',#1023,#1024,#1025);
#1023 = CARTESIAN_POINT('',(1.825,-68.98453293848,10.75));
#1024 = DIRECTION('',(1.,0.,0.));
#1025 = DIRECTION('',(0.,1.,0.));
#1026 = ADVANCED_FACE('',(#1027),#1046,.T.);
#1027 = FACE_BOUND('',#1028,.F.);
#1028 = EDGE_LOOP('',(#1029,#1030,#1031,#1040));
#1029 = ORIENTED_EDGE('',*,*,#202,.F.);
#1030 = ORIENTED_EDGE('',*,*,#1014,.F.);
#1031 = ORIENTED_EDGE('',*,*,#1032,.T.);
#1032 = EDGE_CURVE('',#1007,#1033,#1035,.T.);
#1033 = VERTEX_POINT('',#1034);
#1034 = CARTESIAN_POINT('',(19.475,-65.70827702628,10.75));
#1035 = CIRCLE('',#1036,149.2273025);
#1036 = AXIS2_PLACEMENT_3D('',#1037,#1038,#1039);
#1037 = CARTESIAN_POINT('',(2.937E-14,82.242769561519,10.75));
#1038 = DIRECTION('',(0.,0.,1.));
#1039 = DIRECTION('',(1.,0.,0.));
#1040 = ORIENTED_EDGE('',*,*,#1041,.T.);
#1041 = EDGE_CURVE('',#1033,#195,#1042,.T.);
#1042 = LINE('',#1043,#1044);
#1043 = CARTESIAN_POINT('',(19.475,-65.70827702628,6.75));
#1044 = VECTOR('',#1045,1.);
#1045 = DIRECTION('',(-0.,-0.,-1.));
#1046 = CYLINDRICAL_SURFACE('',#1047,149.2273025);
#1047 = AXIS2_PLACEMENT_3D('',#1048,#1049,#1050);
#1048 = CARTESIAN_POINT('',(2.937E-14,82.242769561519,6.75));
#1049 = DIRECTION('',(-0.,-0.,-1.));
#1050 = DIRECTION('',(1.,0.,0.));
#1051 = ADVANCED_FACE('',(#1052),#1063,.F.);
#1052 = FACE_BOUND('',#1053,.F.);
#1053 = EDGE_LOOP('',(#1054,#1060,#1061,#1062));
#1054 = ORIENTED_EDGE('',*,*,#1055,.F.);
#1055 = EDGE_CURVE('',#894,#1033,#1056,.T.);
#1056 = LINE('',#1057,#1058);
#1057 = CARTESIAN_POINT('',(19.475,-63.23645869796,10.75));
#1058 = VECTOR('',#1059,1.);
#1059 = DIRECTION('',(0.,-1.,0.));
#1060 = ORIENTED_EDGE('',*,*,#902,.T.);
#1061 = ORIENTED_EDGE('',*,*,#194,.F.);
#1062 = ORIENTED_EDGE('',*,*,#1041,.F.);
#1063 = PLANE('',#1064);
#1064 = AXIS2_PLACEMENT_3D('',#1065,#1066,#1067);
#1065 = CARTESIAN_POINT('',(19.475,-63.23645869796,10.75));
#1066 = DIRECTION('',(-1.,0.,0.));
#1067 = DIRECTION('',(0.,-1.,0.));
#1068 = ADVANCED_FACE('',(#1069),#1087,.F.);
#1069 = FACE_BOUND('',#1070,.F.);
#1070 = EDGE_LOOP('',(#1071,#1079,#1085,#1086));
#1071 = ORIENTED_EDGE('',*,*,#1072,.F.);
#1072 = EDGE_CURVE('',#1073,#910,#1075,.T.);
#1073 = VERTEX_POINT('',#1074);
#1074 = CARTESIAN_POINT('',(23.125000000003,-65.18186266263,10.75));
#1075 = LINE('',#1076,#1077);
#1076 = CARTESIAN_POINT('',(23.125,-68.98453293848,10.75));
#1077 = VECTOR('',#1078,1.);
#1078 = DIRECTION('',(0.,1.,0.));
#1079 = ORIENTED_EDGE('',*,*,#1080,.T.);
#1080 = EDGE_CURVE('',#1073,#169,#1081,.T.);
#1081 = LINE('',#1082,#1083);
#1082 = CARTESIAN_POINT('',(23.125,-65.18186266263,6.75));
#1083 = VECTOR('',#1084,1.);
#1084 = DIRECTION('',(-0.,-0.,-1.));
#1085 = ORIENTED_EDGE('',*,*,#177,.F.);
#1086 = ORIENTED_EDGE('',*,*,#909,.F.);
#1087 = PLANE('',#1088);
#1088 = AXIS2_PLACEMENT_3D('',#1089,#1090,#1091);
#1089 = CARTESIAN_POINT('',(23.125,-68.98453293848,10.75));
#1090 = DIRECTION('',(1.,0.,0.));
#1091 = DIRECTION('',(0.,1.,0.));
#1092 = ADVANCED_FACE('',(#1093),#1112,.T.);
#1093 = FACE_BOUND('',#1094,.F.);
#1094 = EDGE_LOOP('',(#1095,#1096,#1097,#1106));
#1095 = ORIENTED_EDGE('',*,*,#168,.F.);
#1096 = ORIENTED_EDGE('',*,*,#1080,.F.);
#1097 = ORIENTED_EDGE('',*,*,#1098,.T.);
#1098 = EDGE_CURVE('',#1073,#1099,#1101,.T.);
#1099 = VERTEX_POINT('',#1100);
#1100 = CARTESIAN_POINT('',(36.705,-62.4,10.75));
#1101 = CIRCLE('',#1102,149.2273025);
#1102 = AXIS2_PLACEMENT_3D('',#1103,#1104,#1105);
#1103 = CARTESIAN_POINT('',(2.937E-14,82.242769561519,10.75));
#1104 = DIRECTION('',(0.,0.,1.));
#1105 = DIRECTION('',(1.,0.,0.));
#1106 = ORIENTED_EDGE('',*,*,#1107,.F.);
#1107 = EDGE_CURVE('',#161,#1099,#1108,.T.);
#1108 = LINE('',#1109,#1110);
#1109 = CARTESIAN_POINT('',(36.705,-62.4,6.75));
#1110 = VECTOR('',#1111,1.);
#1111 = DIRECTION('',(0.,0.,1.));
#1112 = CYLINDRICAL_SURFACE('',#1113,149.2273025);
#1113 = AXIS2_PLACEMENT_3D('',#1114,#1115,#1116);
#1114 = CARTESIAN_POINT('',(2.937E-14,82.242769561519,6.75));
#1115 = DIRECTION('',(-0.,-0.,-1.));
#1116 = DIRECTION('',(1.,0.,0.));
#1117 = ADVANCED_FACE('',(#1118),#1129,.T.);
#1118 = FACE_BOUND('',#1119,.T.);
#1119 = EDGE_LOOP('',(#1120,#1121,#1122,#1123));
#1120 = ORIENTED_EDGE('',*,*,#1107,.F.);
#1121 = ORIENTED_EDGE('',*,*,#160,.T.);
#1122 = ORIENTED_EDGE('',*,*,#607,.T.);
#1123 = ORIENTED_EDGE('',*,*,#1124,.F.);
#1124 = EDGE_CURVE('',#1099,#600,#1125,.T.);
#1125 = LINE('',#1126,#1127);
#1126 = CARTESIAN_POINT('',(36.705,34.66238071475,10.75));
#1127 = VECTOR('',#1128,1.);
#1128 = DIRECTION('',(0.,1.,0.));
#1129 = PLANE('',#1130);
#1130 = AXIS2_PLACEMENT_3D('',#1131,#1132,#1133);
#1131 = CARTESIAN_POINT('',(36.705,2.8,8.75));
#1132 = DIRECTION('',(1.,-2.7E-16,0.));
#1133 = DIRECTION('',(2.7E-16,1.,0.));
#1134 = ADVANCED_FACE('',(#1135),#1154,.F.);
#1135 = FACE_BOUND('',#1136,.F.);
#1136 = EDGE_LOOP('',(#1137,#1146,#1147,#1148));
#1137 = ORIENTED_EDGE('',*,*,#1138,.T.);
#1138 = EDGE_CURVE('',#1139,#425,#1141,.T.);
#1139 = VERTEX_POINT('',#1140);
#1140 = CARTESIAN_POINT('',(-36.305,-62.45354967164,0.));
#1141 = CIRCLE('',#1142,147.2273025);
#1142 = AXIS2_PLACEMENT_3D('',#1143,#1144,#1145);
#1143 = CARTESIAN_POINT('',(1.319E-14,80.2273025,0.));
#1144 = DIRECTION('',(0.,0.,1.));
#1145 = DIRECTION('',(-0.256688952747,-0.966494066996,0.));
#1146 = ORIENTED_EDGE('',*,*,#424,.F.);
#1147 = ORIENTED_EDGE('',*,*,#391,.T.);
#1148 = ORIENTED_EDGE('',*,*,#1149,.T.);
#1149 = EDGE_CURVE('',#392,#1139,#1150,.T.);
#1150 = LINE('',#1151,#1152);
#1151 = CARTESIAN_POINT('',(-36.305,69.,-4.4E-16));
#1152 = VECTOR('',#1153,1.);
#1153 = DIRECTION('',(-2.1E-16,-1.,0.));
#1154 = PLANE('',#1155);
#1155 = AXIS2_PLACEMENT_3D('',#1156,#1157,#1158);
#1156 = CARTESIAN_POINT('',(-7.58E-15,1.832418120941,0.));
#1157 = DIRECTION('',(0.,0.,1.));
#1158 = DIRECTION('',(1.,0.,0.));
#1159 = ADVANCED_FACE('',(#1160),#1171,.T.);
#1160 = FACE_BOUND('',#1161,.T.);
#1161 = EDGE_LOOP('',(#1162,#1163,#1164));
#1162 = ORIENTED_EDGE('',*,*,#725,.F.);
#1163 = ORIENTED_EDGE('',*,*,#399,.T.);
#1164 = ORIENTED_EDGE('',*,*,#1165,.F.);
#1165 = EDGE_CURVE('',#704,#392,#1166,.T.);
#1166 = CIRCLE('',#1167,2.);
#1167 = AXIS2_PLACEMENT_3D('',#1168,#1169,#1170);
#1168 = CARTESIAN_POINT('',(-36.305,67.,2.));
#1169 = DIRECTION('',(0.,-1.,0.));
#1170 = DIRECTION('',(-1.,0.,0.));
#1171 = SPHERICAL_SURFACE('',#1172,2.);
#1172 = AXIS2_PLACEMENT_3D('',#1173,#1174,#1175);
#1173 = CARTESIAN_POINT('',(-36.305,67.,2.));
#1174 = DIRECTION('',(0.,-1.,0.));
#1175 = DIRECTION('',(-1.,0.,0.));
#1176 = ADVANCED_FACE('',(#1177),#1188,.T.);
#1177 = FACE_BOUND('',#1178,.F.);
#1178 = EDGE_LOOP('',(#1179,#1180,#1187));
#1179 = ORIENTED_EDGE('',*,*,#432,.F.);
#1180 = ORIENTED_EDGE('',*,*,#1181,.T.);
#1181 = EDGE_CURVE('',#425,#624,#1182,.T.);
#1182 = CIRCLE('',#1183,2.);
#1183 = AXIS2_PLACEMENT_3D('',#1184,#1185,#1186);
#1184 = CARTESIAN_POINT('',(36.305,-62.45354967164,2.));
#1185 = DIRECTION('',(-0.96911951621,-0.246591490733,0.));
#1186 = DIRECTION('',(0.246591490733,-0.96911951621,0.));
#1187 = ORIENTED_EDGE('',*,*,#623,.F.);
#1188 = SPHERICAL_SURFACE('',#1189,2.);
#1189 = AXIS2_PLACEMENT_3D('',#1190,#1191,#1192);
#1190 = CARTESIAN_POINT('',(36.305,-62.45354967164,2.));
#1191 = DIRECTION('',(0.,0.,1.));
#1192 = DIRECTION('',(1.,3.55E-15,0.));
#1193 = ADVANCED_FACE('',(#1194),#1255,.T.);
#1194 = FACE_BOUND('',#1195,.T.);
#1195 = EDGE_LOOP('',(#1196,#1197,#1205,#1213,#1221,#1229,#1237,#1245,
    #1251,#1252,#1253,#1254));
#1196 = ORIENTED_EDGE('',*,*,#599,.T.);
#1197 = ORIENTED_EDGE('',*,*,#1198,.F.);
#1198 = EDGE_CURVE('',#1199,#591,#1201,.T.);
#1199 = VERTEX_POINT('',#1200);
#1200 = CARTESIAN_POINT('',(25.229046713883,66.,10.75));
#1201 = LINE('',#1202,#1203);
#1202 = CARTESIAN_POINT('',(25.229046713883,68.,10.75));
#1203 = VECTOR('',#1204,1.);
#1204 = DIRECTION('',(0.,1.,-2.2E-16));
#1205 = ORIENTED_EDGE('',*,*,#1206,.T.);
#1206 = EDGE_CURVE('',#1199,#1207,#1209,.T.);
#1207 = VERTEX_POINT('',#1208);
#1208 = CARTESIAN_POINT('',(35.305,66.,10.75));
#1209 = LINE('',#1210,#1211);
#1210 = CARTESIAN_POINT('',(-35.305,66.,10.75));
#1211 = VECTOR('',#1212,1.);
#1212 = DIRECTION('',(1.,0.,0.));
#1213 = ORIENTED_EDGE('',*,*,#1214,.T.);
#1214 = EDGE_CURVE('',#1207,#1215,#1217,.T.);
#1215 = VERTEX_POINT('',#1216);
#1216 = CARTESIAN_POINT('',(35.305,46.,10.75));
#1217 = LINE('',#1218,#1219);
#1218 = CARTESIAN_POINT('',(35.305,66.,10.75));
#1219 = VECTOR('',#1220,1.);
#1220 = DIRECTION('',(-6.1E-15,-1.,0.));
#1221 = ORIENTED_EDGE('',*,*,#1222,.T.);
#1222 = EDGE_CURVE('',#1215,#1223,#1225,.T.);
#1223 = VERTEX_POINT('',#1224);
#1224 = CARTESIAN_POINT('',(35.305,36.000000000001,10.75));
#1225 = LINE('',#1226,#1227);
#1226 = CARTESIAN_POINT('',(35.305,66.,10.75));
#1227 = VECTOR('',#1228,1.);
#1228 = DIRECTION('',(-6.1E-15,-1.,0.));
#1229 = ORIENTED_EDGE('',*,*,#1230,.T.);
#1230 = EDGE_CURVE('',#1223,#1231,#1233,.T.);
#1231 = VERTEX_POINT('',#1232);
#1232 = CARTESIAN_POINT('',(35.304999999999,-30.99999999999,10.75));
#1233 = LINE('',#1234,#1235);
#1234 = CARTESIAN_POINT('',(35.305,66.,10.75));
#1235 = VECTOR('',#1236,1.);
#1236 = DIRECTION('',(-6.1E-15,-1.,0.));
#1237 = ORIENTED_EDGE('',*,*,#1238,.T.);
#1238 = EDGE_CURVE('',#1231,#1239,#1241,.T.);
#1239 = VERTEX_POINT('',#1240);
#1240 = CARTESIAN_POINT('',(35.304999999999,-40.99999999999,10.75));
#1241 = LINE('',#1242,#1243);
#1242 = CARTESIAN_POINT('',(35.305,66.,10.75));
#1243 = VECTOR('',#1244,1.);
#1244 = DIRECTION('',(-6.1E-15,-1.,0.));
#1245 = ORIENTED_EDGE('',*,*,#1246,.T.);
#1246 = EDGE_CURVE('',#1239,#918,#1247,.T.);
#1247 = LINE('',#1248,#1249);
#1248 = CARTESIAN_POINT('',(35.305,66.,10.75));
#1249 = VECTOR('',#1250,1.);
#1250 = DIRECTION('',(-6.1E-15,-1.,0.));
#1251 = ORIENTED_EDGE('',*,*,#917,.F.);
#1252 = ORIENTED_EDGE('',*,*,#1072,.F.);
#1253 = ORIENTED_EDGE('',*,*,#1098,.T.);
#1254 = ORIENTED_EDGE('',*,*,#1124,.T.);
#1255 = PLANE('',#1256);
#1256 = AXIS2_PLACEMENT_3D('',#1257,#1258,#1259);
#1257 = CARTESIAN_POINT('',(-7.156E-14,10.453287372125,10.75));
#1258 = DIRECTION('',(0.,0.,1.));
#1259 = DIRECTION('',(1.,0.,0.));
#1260 = ADVANCED_FACE('',(#1261),#1280,.F.);
#1261 = FACE_BOUND('',#1262,.F.);
#1262 = EDGE_LOOP('',(#1263,#1264,#1265,#1274));
#1263 = ORIENTED_EDGE('',*,*,#590,.F.);
#1264 = ORIENTED_EDGE('',*,*,#1198,.F.);
#1265 = ORIENTED_EDGE('',*,*,#1266,.T.);
#1266 = EDGE_CURVE('',#1199,#1267,#1269,.T.);
#1267 = VERTEX_POINT('',#1268);
#1268 = CARTESIAN_POINT('',(25.689999999999,66.,8.824999999993));
#1269 = CIRCLE('',#1270,4.25);
#1270 = AXIS2_PLACEMENT_3D('',#1271,#1272,#1273);
#1271 = CARTESIAN_POINT('',(21.439999999999,66.,8.825));
#1272 = DIRECTION('',(0.,1.,-2.2E-16));
#1273 = DIRECTION('',(-1.,0.,0.));
#1274 = ORIENTED_EDGE('',*,*,#1275,.F.);
#1275 = EDGE_CURVE('',#583,#1267,#1276,.T.);
#1276 = LINE('',#1277,#1278);
#1277 = CARTESIAN_POINT('',(25.689999999999,68.,8.824999999993));
#1278 = VECTOR('',#1279,1.);
#1279 = DIRECTION('',(0.,-1.,2.2E-16));
#1280 = CYLINDRICAL_SURFACE('',#1281,4.25);
#1281 = AXIS2_PLACEMENT_3D('',#1282,#1283,#1284);
#1282 = CARTESIAN_POINT('',(21.439999999999,68.,8.825));
#1283 = DIRECTION('',(0.,1.,-2.2E-16));
#1284 = DIRECTION('',(-1.,0.,0.));
#1285 = ADVANCED_FACE('',(#1286),#1304,.F.);
#1286 = FACE_BOUND('',#1287,.F.);
#1287 = EDGE_LOOP('',(#1288,#1289,#1290,#1298));
#1288 = ORIENTED_EDGE('',*,*,#582,.F.);
#1289 = ORIENTED_EDGE('',*,*,#1275,.T.);
#1290 = ORIENTED_EDGE('',*,*,#1291,.T.);
#1291 = EDGE_CURVE('',#1267,#1292,#1294,.T.);
#1292 = VERTEX_POINT('',#1293);
#1293 = CARTESIAN_POINT('',(25.689999999999,66.,8.165));
#1294 = LINE('',#1295,#1296);
#1295 = CARTESIAN_POINT('',(25.689999999999,66.,7.849999999997));
#1296 = VECTOR('',#1297,1.);
#1297 = DIRECTION('',(0.,0.,-1.));
#1298 = ORIENTED_EDGE('',*,*,#1299,.F.);
#1299 = EDGE_CURVE('',#574,#1292,#1300,.T.);
#1300 = LINE('',#1301,#1302);
#1301 = CARTESIAN_POINT('',(25.689999999999,68.,8.165));
#1302 = VECTOR('',#1303,1.);
#1303 = DIRECTION('',(0.,-1.,2.2E-16));
#1304 = PLANE('',#1305);
#1305 = AXIS2_PLACEMENT_3D('',#1306,#1307,#1308);
#1306 = CARTESIAN_POINT('',(25.689999999999,68.,8.824999999994));
#1307 = DIRECTION('',(1.,0.,0.));
#1308 = DIRECTION('',(0.,-2.2E-16,-1.));
#1309 = ADVANCED_FACE('',(#1310),#1329,.F.);
#1310 = FACE_BOUND('',#1311,.F.);
#1311 = EDGE_LOOP('',(#1312,#1313,#1314,#1323));
#1312 = ORIENTED_EDGE('',*,*,#573,.F.);
#1313 = ORIENTED_EDGE('',*,*,#1299,.T.);
#1314 = ORIENTED_EDGE('',*,*,#1315,.T.);
#1315 = EDGE_CURVE('',#1292,#1316,#1318,.T.);
#1316 = VERTEX_POINT('',#1317);
#1317 = CARTESIAN_POINT('',(21.44,66.,3.915));
#1318 = CIRCLE('',#1319,4.25);
#1319 = AXIS2_PLACEMENT_3D('',#1320,#1321,#1322);
#1320 = CARTESIAN_POINT('',(21.44,66.,8.165));
#1321 = DIRECTION('',(0.,1.,-2.2E-16));
#1322 = DIRECTION('',(-1.,0.,0.));
#1323 = ORIENTED_EDGE('',*,*,#1324,.F.);
#1324 = EDGE_CURVE('',#566,#1316,#1325,.T.);
#1325 = LINE('',#1326,#1327);
#1326 = CARTESIAN_POINT('',(21.44,68.,3.915));
#1327 = VECTOR('',#1328,1.);
#1328 = DIRECTION('',(0.,-1.,2.2E-16));
#1329 = CYLINDRICAL_SURFACE('',#1330,4.25);
#1330 = AXIS2_PLACEMENT_3D('',#1331,#1332,#1333);
#1331 = CARTESIAN_POINT('',(21.44,68.,8.165));
#1332 = DIRECTION('',(0.,1.,-2.2E-16));
#1333 = DIRECTION('',(-1.,0.,0.));
#1334 = ADVANCED_FACE('',(#1335),#1353,.F.);
#1335 = FACE_BOUND('',#1336,.F.);
#1336 = EDGE_LOOP('',(#1337,#1338,#1339,#1347));
#1337 = ORIENTED_EDGE('',*,*,#565,.F.);
#1338 = ORIENTED_EDGE('',*,*,#1324,.T.);
#1339 = ORIENTED_EDGE('',*,*,#1340,.T.);
#1340 = EDGE_CURVE('',#1316,#1341,#1343,.T.);
#1341 = VERTEX_POINT('',#1342);
#1342 = CARTESIAN_POINT('',(14.999999999999,66.,3.915));
#1343 = LINE('',#1344,#1345);
#1344 = CARTESIAN_POINT('',(10.72,66.,3.915));
#1345 = VECTOR('',#1346,1.);
#1346 = DIRECTION('',(-1.,0.,0.));
#1347 = ORIENTED_EDGE('',*,*,#1348,.F.);
#1348 = EDGE_CURVE('',#557,#1341,#1349,.T.);
#1349 = LINE('',#1350,#1351);
#1350 = CARTESIAN_POINT('',(14.999999999999,68.,3.915));
#1351 = VECTOR('',#1352,1.);
#1352 = DIRECTION('',(0.,-1.,2.2E-16));
#1353 = PLANE('',#1354);
#1354 = AXIS2_PLACEMENT_3D('',#1355,#1356,#1357);
#1355 = CARTESIAN_POINT('',(21.44,68.,3.915));
#1356 = DIRECTION('',(-0.,-2.2E-16,-1.));
#1357 = DIRECTION('',(-1.,0.,0.));
#1358 = ADVANCED_FACE('',(#1359),#1378,.F.);
#1359 = FACE_BOUND('',#1360,.F.);
#1360 = EDGE_LOOP('',(#1361,#1362,#1363,#1372));
#1361 = ORIENTED_EDGE('',*,*,#556,.F.);
#1362 = ORIENTED_EDGE('',*,*,#1348,.T.);
#1363 = ORIENTED_EDGE('',*,*,#1364,.T.);
#1364 = EDGE_CURVE('',#1341,#1365,#1367,.T.);
#1365 = VERTEX_POINT('',#1366);
#1366 = CARTESIAN_POINT('',(10.749999999999,66.,8.165));
#1367 = CIRCLE('',#1368,4.25);
#1368 = AXIS2_PLACEMENT_3D('',#1369,#1370,#1371);
#1369 = CARTESIAN_POINT('',(14.999999999999,66.,8.165));
#1370 = DIRECTION('',(0.,1.,-2.2E-16));
#1371 = DIRECTION('',(-1.,0.,0.));
#1372 = ORIENTED_EDGE('',*,*,#1373,.F.);
#1373 = EDGE_CURVE('',#549,#1365,#1374,.T.);
#1374 = LINE('',#1375,#1376);
#1375 = CARTESIAN_POINT('',(10.749999999999,68.,8.165));
#1376 = VECTOR('',#1377,1.);
#1377 = DIRECTION('',(0.,-1.,2.2E-16));
#1378 = CYLINDRICAL_SURFACE('',#1379,4.25);
#1379 = AXIS2_PLACEMENT_3D('',#1380,#1381,#1382);
#1380 = CARTESIAN_POINT('',(14.999999999999,68.,8.165));
#1381 = DIRECTION('',(0.,1.,-2.2E-16));
#1382 = DIRECTION('',(-1.,0.,0.));
#1383 = ADVANCED_FACE('',(#1384),#1402,.F.);
#1384 = FACE_BOUND('',#1385,.F.);
#1385 = EDGE_LOOP('',(#1386,#1387,#1388,#1396));
#1386 = ORIENTED_EDGE('',*,*,#548,.F.);
#1387 = ORIENTED_EDGE('',*,*,#1373,.T.);
#1388 = ORIENTED_EDGE('',*,*,#1389,.T.);
#1389 = EDGE_CURVE('',#1365,#1390,#1392,.T.);
#1390 = VERTEX_POINT('',#1391);
#1391 = CARTESIAN_POINT('',(10.749999999999,66.,8.824999999991));
#1392 = LINE('',#1393,#1394);
#1393 = CARTESIAN_POINT('',(10.749999999999,66.,7.52));
#1394 = VECTOR('',#1395,1.);
#1395 = DIRECTION('',(0.,0.,1.));
#1396 = ORIENTED_EDGE('',*,*,#1397,.F.);
#1397 = EDGE_CURVE('',#540,#1390,#1398,.T.);
#1398 = LINE('',#1399,#1400);
#1399 = CARTESIAN_POINT('',(10.749999999999,68.,8.824999999991));
#1400 = VECTOR('',#1401,1.);
#1401 = DIRECTION('',(0.,-1.,2.2E-16));
#1402 = PLANE('',#1403);
#1403 = AXIS2_PLACEMENT_3D('',#1404,#1405,#1406);
#1404 = CARTESIAN_POINT('',(10.749999999999,68.,8.165));
#1405 = DIRECTION('',(-1.,0.,0.));
#1406 = DIRECTION('',(0.,2.2E-16,1.));
#1407 = ADVANCED_FACE('',(#1408),#1427,.F.);
#1408 = FACE_BOUND('',#1409,.F.);
#1409 = EDGE_LOOP('',(#1410,#1411,#1412,#1421));
#1410 = ORIENTED_EDGE('',*,*,#539,.F.);
#1411 = ORIENTED_EDGE('',*,*,#1397,.T.);
#1412 = ORIENTED_EDGE('',*,*,#1413,.T.);
#1413 = EDGE_CURVE('',#1390,#1414,#1416,.T.);
#1414 = VERTEX_POINT('',#1415);
#1415 = CARTESIAN_POINT('',(11.210953286115,66.,10.75));
#1416 = CIRCLE('',#1417,4.25);
#1417 = AXIS2_PLACEMENT_3D('',#1418,#1419,#1420);
#1418 = CARTESIAN_POINT('',(15.,66.,8.825));
#1419 = DIRECTION('',(0.,1.,-2.2E-16));
#1420 = DIRECTION('',(-1.,0.,0.));
#1421 = ORIENTED_EDGE('',*,*,#1422,.T.);
#1422 = EDGE_CURVE('',#1414,#532,#1423,.T.);
#1423 = LINE('',#1424,#1425);
#1424 = CARTESIAN_POINT('',(11.210953286115,68.,10.75));
#1425 = VECTOR('',#1426,1.);
#1426 = DIRECTION('',(0.,1.,-2.2E-16));
#1427 = CYLINDRICAL_SURFACE('',#1428,4.25);
#1428 = AXIS2_PLACEMENT_3D('',#1429,#1430,#1431);
#1429 = CARTESIAN_POINT('',(15.,68.,8.825));
#1430 = DIRECTION('',(0.,1.,-2.2E-16));
#1431 = DIRECTION('',(-1.,0.,0.));
#1432 = ADVANCED_FACE('',(#1433),#1451,.T.);
#1433 = FACE_BOUND('',#1434,.T.);
#1434 = EDGE_LOOP('',(#1435,#1436,#1444,#1450));
#1435 = ORIENTED_EDGE('',*,*,#531,.T.);
#1436 = ORIENTED_EDGE('',*,*,#1437,.F.);
#1437 = EDGE_CURVE('',#1438,#523,#1440,.T.);
#1438 = VERTEX_POINT('',#1439);
#1439 = CARTESIAN_POINT('',(4.65648251138,66.,10.75));
#1440 = LINE('',#1441,#1442);
#1441 = CARTESIAN_POINT('',(4.65648251138,68.,10.75));
#1442 = VECTOR('',#1443,1.);
#1443 = DIRECTION('',(0.,1.,0.));
#1444 = ORIENTED_EDGE('',*,*,#1445,.T.);
#1445 = EDGE_CURVE('',#1438,#1414,#1446,.T.);
#1446 = LINE('',#1447,#1448);
#1447 = CARTESIAN_POINT('',(-35.305,66.,10.75));
#1448 = VECTOR('',#1449,1.);
#1449 = DIRECTION('',(1.,0.,0.));
#1450 = ORIENTED_EDGE('',*,*,#1422,.T.);
#1451 = PLANE('',#1452);
#1452 = AXIS2_PLACEMENT_3D('',#1453,#1454,#1455);
#1453 = CARTESIAN_POINT('',(-7.156E-14,10.453287372125,10.75));
#1454 = DIRECTION('',(0.,0.,1.));
#1455 = DIRECTION('',(1.,0.,0.));
#1456 = ADVANCED_FACE('',(#1457),#1486,.F.);
#1457 = FACE_BOUND('',#1458,.F.);
#1458 = EDGE_LOOP('',(#1459,#1460,#1469,#1478,#1484,#1485));
#1459 = ORIENTED_EDGE('',*,*,#1437,.F.);
#1460 = ORIENTED_EDGE('',*,*,#1461,.T.);
#1461 = EDGE_CURVE('',#1438,#1462,#1464,.T.);
#1462 = VERTEX_POINT('',#1463);
#1463 = CARTESIAN_POINT('',(2.9125,66.,9.145));
#1464 = CIRCLE('',#1465,1.75);
#1465 = AXIS2_PLACEMENT_3D('',#1466,#1467,#1468);
#1466 = CARTESIAN_POINT('',(2.9125,66.,10.895));
#1467 = DIRECTION('',(0.,1.,0.));
#1468 = DIRECTION('',(0.,-0.,1.));
#1469 = ORIENTED_EDGE('',*,*,#1470,.T.);
#1470 = EDGE_CURVE('',#1462,#1471,#1473,.T.);
#1471 = VERTEX_POINT('',#1472);
#1472 = CARTESIAN_POINT('',(1.16851748862,66.,10.75));
#1473 = CIRCLE('',#1474,1.75);
#1474 = AXIS2_PLACEMENT_3D('',#1475,#1476,#1477);
#1475 = CARTESIAN_POINT('',(2.9125,66.,10.895));
#1476 = DIRECTION('',(0.,1.,0.));
#1477 = DIRECTION('',(0.,-0.,1.));
#1478 = ORIENTED_EDGE('',*,*,#1479,.T.);
#1479 = EDGE_CURVE('',#1471,#506,#1480,.T.);
#1480 = LINE('',#1481,#1482);
#1481 = CARTESIAN_POINT('',(1.16851748862,68.,10.75));
#1482 = VECTOR('',#1483,1.);
#1483 = DIRECTION('',(0.,1.,0.));
#1484 = ORIENTED_EDGE('',*,*,#513,.F.);
#1485 = ORIENTED_EDGE('',*,*,#522,.F.);
#1486 = CYLINDRICAL_SURFACE('',#1487,1.75);
#1487 = AXIS2_PLACEMENT_3D('',#1488,#1489,#1490);
#1488 = CARTESIAN_POINT('',(2.9125,68.,10.895));
#1489 = DIRECTION('',(0.,1.,0.));
#1490 = DIRECTION('',(0.,-0.,1.));
#1491 = ADVANCED_FACE('',(#1492),#1510,.T.);
#1492 = FACE_BOUND('',#1493,.T.);
#1493 = EDGE_LOOP('',(#1494,#1495,#1503,#1509));
#1494 = ORIENTED_EDGE('',*,*,#505,.T.);
#1495 = ORIENTED_EDGE('',*,*,#1496,.F.);
#1496 = EDGE_CURVE('',#1497,#497,#1499,.T.);
#1497 = VERTEX_POINT('',#1498);
#1498 = CARTESIAN_POINT('',(-7.666028144356,66.,10.75));
#1499 = LINE('',#1500,#1501);
#1500 = CARTESIAN_POINT('',(-7.666028144357,68.,10.75));
#1501 = VECTOR('',#1502,1.);
#1502 = DIRECTION('',(0.,1.,-2.2E-16));
#1503 = ORIENTED_EDGE('',*,*,#1504,.T.);
#1504 = EDGE_CURVE('',#1497,#1471,#1505,.T.);
#1505 = LINE('',#1506,#1507);
#1506 = CARTESIAN_POINT('',(-35.305,66.,10.75));
#1507 = VECTOR('',#1508,1.);
#1508 = DIRECTION('',(1.,0.,0.));
#1509 = ORIENTED_EDGE('',*,*,#1479,.T.);
#1510 = PLANE('',#1511);
#1511 = AXIS2_PLACEMENT_3D('',#1512,#1513,#1514);
#1512 = CARTESIAN_POINT('',(-7.156E-14,10.453287372125,10.75));
#1513 = DIRECTION('',(0.,0.,1.));
#1514 = DIRECTION('',(1.,0.,0.));
#1515 = ADVANCED_FACE('',(#1516),#1535,.F.);
#1516 = FACE_BOUND('',#1517,.F.);
#1517 = EDGE_LOOP('',(#1518,#1519,#1520,#1529));
#1518 = ORIENTED_EDGE('',*,*,#496,.F.);
#1519 = ORIENTED_EDGE('',*,*,#1496,.F.);
#1520 = ORIENTED_EDGE('',*,*,#1521,.T.);
#1521 = EDGE_CURVE('',#1497,#1522,#1524,.T.);
#1522 = VERTEX_POINT('',#1523);
#1523 = CARTESIAN_POINT('',(-21.91397185564,66.,10.75));
#1524 = CIRCLE('',#1525,7.5);
#1525 = AXIS2_PLACEMENT_3D('',#1526,#1527,#1528);
#1526 = CARTESIAN_POINT('',(-14.79,66.,13.095));
#1527 = DIRECTION('',(0.,1.,-2.2E-16));
#1528 = DIRECTION('',(-1.,0.,0.));
#1529 = ORIENTED_EDGE('',*,*,#1530,.T.);
#1530 = EDGE_CURVE('',#1522,#489,#1531,.T.);
#1531 = LINE('',#1532,#1533);
#1532 = CARTESIAN_POINT('',(-21.91397185564,68.,10.75));
#1533 = VECTOR('',#1534,1.);
#1534 = DIRECTION('',(0.,1.,-2.2E-16));
#1535 = CYLINDRICAL_SURFACE('',#1536,7.5);
#1536 = AXIS2_PLACEMENT_3D('',#1537,#1538,#1539);
#1537 = CARTESIAN_POINT('',(-14.79,68.,13.095));
#1538 = DIRECTION('',(0.,1.,-2.2E-16));
#1539 = DIRECTION('',(-1.,0.,0.));
#1540 = ADVANCED_FACE('',(#1541),#1595,.T.);
#1541 = FACE_BOUND('',#1542,.T.);
#1542 = EDGE_LOOP('',(#1543,#1544,#1545,#1546,#1547,#1555,#1563,#1571,
    #1579,#1587,#1593,#1594));
#1543 = ORIENTED_EDGE('',*,*,#769,.F.);
#1544 = ORIENTED_EDGE('',*,*,#786,.T.);
#1545 = ORIENTED_EDGE('',*,*,#809,.F.);
#1546 = ORIENTED_EDGE('',*,*,#852,.F.);
#1547 = ORIENTED_EDGE('',*,*,#1548,.T.);
#1548 = EDGE_CURVE('',#845,#1549,#1551,.T.);
#1549 = VERTEX_POINT('',#1550);
#1550 = CARTESIAN_POINT('',(-35.305,-40.99999999999,10.75));
#1551 = LINE('',#1552,#1553);
#1552 = CARTESIAN_POINT('',(-35.305,-60.99999999999,10.75));
#1553 = VECTOR('',#1554,1.);
#1554 = DIRECTION('',(0.,1.,0.));
#1555 = ORIENTED_EDGE('',*,*,#1556,.T.);
#1556 = EDGE_CURVE('',#1549,#1557,#1559,.T.);
#1557 = VERTEX_POINT('',#1558);
#1558 = CARTESIAN_POINT('',(-35.305,-30.99999999999,10.75));
#1559 = LINE('',#1560,#1561);
#1560 = CARTESIAN_POINT('',(-35.305,-60.99999999999,10.75));
#1561 = VECTOR('',#1562,1.);
#1562 = DIRECTION('',(0.,1.,0.));
#1563 = ORIENTED_EDGE('',*,*,#1564,.T.);
#1564 = EDGE_CURVE('',#1557,#1565,#1567,.T.);
#1565 = VERTEX_POINT('',#1566);
#1566 = CARTESIAN_POINT('',(-35.305,36.,10.75));
#1567 = LINE('',#1568,#1569);
#1568 = CARTESIAN_POINT('',(-35.305,-60.99999999999,10.75));
#1569 = VECTOR('',#1570,1.);
#1570 = DIRECTION('',(0.,1.,0.));
#1571 = ORIENTED_EDGE('',*,*,#1572,.T.);
#1572 = EDGE_CURVE('',#1565,#1573,#1575,.T.);
#1573 = VERTEX_POINT('',#1574);
#1574 = CARTESIAN_POINT('',(-35.305,46.,10.75));
#1575 = LINE('',#1576,#1577);
#1576 = CARTESIAN_POINT('',(-35.305,-60.99999999999,10.75));
#1577 = VECTOR('',#1578,1.);
#1578 = DIRECTION('',(0.,1.,0.));
#1579 = ORIENTED_EDGE('',*,*,#1580,.T.);
#1580 = EDGE_CURVE('',#1573,#1581,#1583,.T.);
#1581 = VERTEX_POINT('',#1582);
#1582 = CARTESIAN_POINT('',(-35.305,66.,10.75));
#1583 = LINE('',#1584,#1585);
#1584 = CARTESIAN_POINT('',(-35.305,-60.99999999999,10.75));
#1585 = VECTOR('',#1586,1.);
#1586 = DIRECTION('',(0.,1.,0.));
#1587 = ORIENTED_EDGE('',*,*,#1588,.T.);
#1588 = EDGE_CURVE('',#1581,#1522,#1589,.T.);
#1589 = LINE('',#1590,#1591);
#1590 = CARTESIAN_POINT('',(-35.305,66.,10.75));
#1591 = VECTOR('',#1592,1.);
#1592 = DIRECTION('',(1.,0.,0.));
#1593 = ORIENTED_EDGE('',*,*,#1530,.T.);
#1594 = ORIENTED_EDGE('',*,*,#488,.T.);
#1595 = PLANE('',#1596);
#1596 = AXIS2_PLACEMENT_3D('',#1597,#1598,#1599);
#1597 = CARTESIAN_POINT('',(-7.156E-14,10.453287372125,10.75));
#1598 = DIRECTION('',(0.,0.,1.));
#1599 = DIRECTION('',(1.,0.,0.));
#1600 = ADVANCED_FACE('',(#1601),#1613,.T.);
#1601 = FACE_BOUND('',#1602,.T.);
#1602 = EDGE_LOOP('',(#1603,#1610,#1611,#1612));
#1603 = ORIENTED_EDGE('',*,*,#1604,.F.);
#1604 = EDGE_CURVE('',#1139,#654,#1605,.T.);
#1605 = CIRCLE('',#1606,2.);
#1606 = AXIS2_PLACEMENT_3D('',#1607,#1608,#1609);
#1607 = CARTESIAN_POINT('',(-36.305,-62.45354967164,2.));
#1608 = DIRECTION('',(-0.96911951621,0.246591490733,0.));
#1609 = DIRECTION('',(-0.246591490733,-0.96911951621,0.));
#1610 = ORIENTED_EDGE('',*,*,#1138,.T.);
#1611 = ORIENTED_EDGE('',*,*,#1181,.T.);
#1612 = ORIENTED_EDGE('',*,*,#653,.F.);
#1613 = TOROIDAL_SURFACE('',#1614,147.2273025,2.);
#1614 = AXIS2_PLACEMENT_3D('',#1615,#1616,#1617);
#1615 = CARTESIAN_POINT('',(1.319E-14,80.2273025,2.));
#1616 = DIRECTION('',(0.,0.,1.));
#1617 = DIRECTION('',(-0.256688952747,-0.966494066996,0.));
#1618 = ADVANCED_FACE('',(#1619),#1630,.T.);
#1619 = FACE_BOUND('',#1620,.F.);
#1620 = EDGE_LOOP('',(#1621,#1622,#1629));
#1621 = ORIENTED_EDGE('',*,*,#1604,.F.);
#1622 = ORIENTED_EDGE('',*,*,#1623,.T.);
#1623 = EDGE_CURVE('',#1139,#677,#1624,.T.);
#1624 = CIRCLE('',#1625,2.);
#1625 = AXIS2_PLACEMENT_3D('',#1626,#1627,#1628);
#1626 = CARTESIAN_POINT('',(-36.305,-62.45354967164,2.));
#1627 = DIRECTION('',(8.22E-15,1.,-0.));
#1628 = DIRECTION('',(-1.,8.22E-15,0.));
#1629 = ORIENTED_EDGE('',*,*,#684,.F.);
#1630 = SPHERICAL_SURFACE('',#1631,2.);
#1631 = AXIS2_PLACEMENT_3D('',#1632,#1633,#1634);
#1632 = CARTESIAN_POINT('',(-36.305,-62.45354967164,2.));
#1633 = DIRECTION('',(0.,0.,1.));
#1634 = DIRECTION('',(-0.246591490733,-0.96911951621,0.));
#1635 = ADVANCED_FACE('',(#1636),#1642,.T.);
#1636 = FACE_BOUND('',#1637,.T.);
#1637 = EDGE_LOOP('',(#1638,#1639,#1640,#1641));
#1638 = ORIENTED_EDGE('',*,*,#703,.F.);
#1639 = ORIENTED_EDGE('',*,*,#1165,.T.);
#1640 = ORIENTED_EDGE('',*,*,#1149,.T.);
#1641 = ORIENTED_EDGE('',*,*,#1623,.T.);
#1642 = CYLINDRICAL_SURFACE('',#1643,2.);
#1643 = AXIS2_PLACEMENT_3D('',#1644,#1645,#1646);
#1644 = CARTESIAN_POINT('',(-36.305,69.,2.));
#1645 = DIRECTION('',(-2.1E-16,-1.,0.));
#1646 = DIRECTION('',(-1.,2.1E-16,0.));
#1647 = ADVANCED_FACE('',(#1648,#1801,#1812,#1823,#1834),#1845,.T.);
#1648 = FACE_BOUND('',#1649,.T.);
#1649 = EDGE_LOOP('',(#1650,#1660,#1668,#1676,#1684,#1692,#1700,#1708,
    #1716,#1724,#1730,#1731,#1739,#1747,#1755,#1763,#1771,#1779,#1787,
    #1795));
#1650 = ORIENTED_EDGE('',*,*,#1651,.T.);
#1651 = EDGE_CURVE('',#1652,#1654,#1656,.T.);
#1652 = VERTEX_POINT('',#1653);
#1653 = CARTESIAN_POINT('',(35.305,66.,3.));
#1654 = VERTEX_POINT('',#1655);
#1655 = CARTESIAN_POINT('',(-35.305,66.,3.));
#1656 = LINE('',#1657,#1658);
#1657 = CARTESIAN_POINT('',(-17.6525,66.,3.));
#1658 = VECTOR('',#1659,1.);
#1659 = DIRECTION('',(-1.,0.,0.));
#1660 = ORIENTED_EDGE('',*,*,#1661,.T.);
#1661 = EDGE_CURVE('',#1654,#1662,#1664,.T.);
#1662 = VERTEX_POINT('',#1663);
#1663 = CARTESIAN_POINT('',(-35.305,46.,3.));
#1664 = LINE('',#1665,#1666);
#1665 = CARTESIAN_POINT('',(-35.305,-29.58379093952,3.));
#1666 = VECTOR('',#1667,1.);
#1667 = DIRECTION('',(0.,-1.,0.));
#1668 = ORIENTED_EDGE('',*,*,#1669,.F.);
#1669 = EDGE_CURVE('',#1670,#1662,#1672,.T.);
#1670 = VERTEX_POINT('',#1671);
#1671 = CARTESIAN_POINT('',(-25.305,46.,3.));
#1672 = LINE('',#1673,#1674);
#1673 = CARTESIAN_POINT('',(-25.305,46.,3.));
#1674 = VECTOR('',#1675,1.);
#1675 = DIRECTION('',(-1.,0.,0.));
#1676 = ORIENTED_EDGE('',*,*,#1677,.F.);
#1677 = EDGE_CURVE('',#1678,#1670,#1680,.T.);
#1678 = VERTEX_POINT('',#1679);
#1679 = CARTESIAN_POINT('',(-25.305,36.,3.));
#1680 = LINE('',#1681,#1682);
#1681 = CARTESIAN_POINT('',(-25.305,36.,3.));
#1682 = VECTOR('',#1683,1.);
#1683 = DIRECTION('',(0.,1.,0.));
#1684 = ORIENTED_EDGE('',*,*,#1685,.F.);
#1685 = EDGE_CURVE('',#1686,#1678,#1688,.T.);
#1686 = VERTEX_POINT('',#1687);
#1687 = CARTESIAN_POINT('',(-35.305,36.,3.));
#1688 = LINE('',#1689,#1690);
#1689 = CARTESIAN_POINT('',(-35.305,36.,3.));
#1690 = VECTOR('',#1691,1.);
#1691 = DIRECTION('',(1.,0.,0.));
#1692 = ORIENTED_EDGE('',*,*,#1693,.T.);
#1693 = EDGE_CURVE('',#1686,#1694,#1696,.T.);
#1694 = VERTEX_POINT('',#1695);
#1695 = CARTESIAN_POINT('',(-35.305,-30.99999999999,3.));
#1696 = LINE('',#1697,#1698);
#1697 = CARTESIAN_POINT('',(-35.305,-29.58379093952,3.));
#1698 = VECTOR('',#1699,1.);
#1699 = DIRECTION('',(0.,-1.,0.));
#1700 = ORIENTED_EDGE('',*,*,#1701,.F.);
#1701 = EDGE_CURVE('',#1702,#1694,#1704,.T.);
#1702 = VERTEX_POINT('',#1703);
#1703 = CARTESIAN_POINT('',(-25.305,-30.99999999999,3.));
#1704 = LINE('',#1705,#1706);
#1705 = CARTESIAN_POINT('',(-25.305,-30.99999999999,3.));
#1706 = VECTOR('',#1707,1.);
#1707 = DIRECTION('',(-1.,0.,0.));
#1708 = ORIENTED_EDGE('',*,*,#1709,.T.);
#1709 = EDGE_CURVE('',#1702,#1710,#1712,.T.);
#1710 = VERTEX_POINT('',#1711);
#1711 = CARTESIAN_POINT('',(-25.305,-40.99999999999,3.));
#1712 = LINE('',#1713,#1714);
#1713 = CARTESIAN_POINT('',(-25.305,-30.99999999999,3.));
#1714 = VECTOR('',#1715,1.);
#1715 = DIRECTION('',(0.,-1.,0.));
#1716 = ORIENTED_EDGE('',*,*,#1717,.F.);
#1717 = EDGE_CURVE('',#1718,#1710,#1720,.T.);
#1718 = VERTEX_POINT('',#1719);
#1719 = CARTESIAN_POINT('',(-35.305,-40.99999999999,3.));
#1720 = LINE('',#1721,#1722);
#1721 = CARTESIAN_POINT('',(-35.305,-40.99999999999,3.));
#1722 = VECTOR('',#1723,1.);
#1723 = DIRECTION('',(1.,0.,0.));
#1724 = ORIENTED_EDGE('',*,*,#1725,.T.);
#1725 = EDGE_CURVE('',#1718,#834,#1726,.T.);
#1726 = LINE('',#1727,#1728);
#1727 = CARTESIAN_POINT('',(-35.305,-29.58379093952,3.));
#1728 = VECTOR('',#1729,1.);
#1729 = DIRECTION('',(0.,-1.,0.));
#1730 = ORIENTED_EDGE('',*,*,#833,.T.);
#1731 = ORIENTED_EDGE('',*,*,#1732,.T.);
#1732 = EDGE_CURVE('',#836,#1733,#1735,.T.);
#1733 = VERTEX_POINT('',#1734);
#1734 = CARTESIAN_POINT('',(35.304999999999,-40.99999999999,3.));
#1735 = LINE('',#1736,#1737);
#1736 = CARTESIAN_POINT('',(35.305,33.91620906047,3.));
#1737 = VECTOR('',#1738,1.);
#1738 = DIRECTION('',(6.1E-15,1.,0.));
#1739 = ORIENTED_EDGE('',*,*,#1740,.F.);
#1740 = EDGE_CURVE('',#1741,#1733,#1743,.T.);
#1741 = VERTEX_POINT('',#1742);
#1742 = CARTESIAN_POINT('',(25.304999999999,-40.99999999999,3.));
#1743 = LINE('',#1744,#1745);
#1744 = CARTESIAN_POINT('',(25.304999999999,-40.99999999999,3.));
#1745 = VECTOR('',#1746,1.);
#1746 = DIRECTION('',(1.,0.,0.));
#1747 = ORIENTED_EDGE('',*,*,#1748,.F.);
#1748 = EDGE_CURVE('',#1749,#1741,#1751,.T.);
#1749 = VERTEX_POINT('',#1750);
#1750 = CARTESIAN_POINT('',(25.304999999999,-30.99999999999,3.));
#1751 = LINE('',#1752,#1753);
#1752 = CARTESIAN_POINT('',(25.304999999999,-30.99999999999,3.));
#1753 = VECTOR('',#1754,1.);
#1754 = DIRECTION('',(0.,-1.,0.));
#1755 = ORIENTED_EDGE('',*,*,#1756,.F.);
#1756 = EDGE_CURVE('',#1757,#1749,#1759,.T.);
#1757 = VERTEX_POINT('',#1758);
#1758 = CARTESIAN_POINT('',(35.304999999999,-30.99999999999,3.));
#1759 = LINE('',#1760,#1761);
#1760 = CARTESIAN_POINT('',(35.304999999999,-30.99999999999,3.));
#1761 = VECTOR('',#1762,1.);
#1762 = DIRECTION('',(-1.,3.6E-16,0.));
#1763 = ORIENTED_EDGE('',*,*,#1764,.T.);
#1764 = EDGE_CURVE('',#1757,#1765,#1767,.T.);
#1765 = VERTEX_POINT('',#1766);
#1766 = CARTESIAN_POINT('',(35.305,36.000000000001,3.));
#1767 = LINE('',#1768,#1769);
#1768 = CARTESIAN_POINT('',(35.305,33.91620906047,3.));
#1769 = VECTOR('',#1770,1.);
#1770 = DIRECTION('',(6.1E-15,1.,0.));
#1771 = ORIENTED_EDGE('',*,*,#1772,.F.);
#1772 = EDGE_CURVE('',#1773,#1765,#1775,.T.);
#1773 = VERTEX_POINT('',#1774);
#1774 = CARTESIAN_POINT('',(25.305,36.000000000001,3.));
#1775 = LINE('',#1776,#1777);
#1776 = CARTESIAN_POINT('',(25.305,36.000000000001,3.));
#1777 = VECTOR('',#1778,1.);
#1778 = DIRECTION('',(1.,0.,0.));
#1779 = ORIENTED_EDGE('',*,*,#1780,.F.);
#1780 = EDGE_CURVE('',#1781,#1773,#1783,.T.);
#1781 = VERTEX_POINT('',#1782);
#1782 = CARTESIAN_POINT('',(25.305,46.000000000001,3.));
#1783 = LINE('',#1784,#1785);
#1784 = CARTESIAN_POINT('',(25.305,46.000000000001,3.));
#1785 = VECTOR('',#1786,1.);
#1786 = DIRECTION('',(0.,-1.,0.));
#1787 = ORIENTED_EDGE('',*,*,#1788,.F.);
#1788 = EDGE_CURVE('',#1789,#1781,#1791,.T.);
#1789 = VERTEX_POINT('',#1790);
#1790 = CARTESIAN_POINT('',(35.305,46.,3.));
#1791 = LINE('',#1792,#1793);
#1792 = CARTESIAN_POINT('',(35.305,46.,3.));
#1793 = VECTOR('',#1794,1.);
#1794 = DIRECTION('',(-1.,5.258E-14,0.));
#1795 = ORIENTED_EDGE('',*,*,#1796,.T.);
#1796 = EDGE_CURVE('',#1789,#1652,#1797,.T.);
#1797 = LINE('',#1798,#1799);
#1798 = CARTESIAN_POINT('',(35.305,33.91620906047,3.));
#1799 = VECTOR('',#1800,1.);
#1800 = DIRECTION('',(6.1E-15,1.,0.));
#1801 = FACE_BOUND('',#1802,.T.);
#1802 = EDGE_LOOP('',(#1803));
#1803 = ORIENTED_EDGE('',*,*,#1804,.F.);
#1804 = EDGE_CURVE('',#1805,#1805,#1807,.T.);
#1805 = VERTEX_POINT('',#1806);
#1806 = CARTESIAN_POINT('',(-25.305,-53.99999999999,3.));
#1807 = CIRCLE('',#1808,3.);
#1808 = AXIS2_PLACEMENT_3D('',#1809,#1810,#1811);
#1809 = CARTESIAN_POINT('',(-28.305,-53.99999999999,3.));
#1810 = DIRECTION('',(0.,0.,1.));
#1811 = DIRECTION('',(1.,0.,0.));
#1812 = FACE_BOUND('',#1813,.T.);
#1813 = EDGE_LOOP('',(#1814));
#1814 = ORIENTED_EDGE('',*,*,#1815,.F.);
#1815 = EDGE_CURVE('',#1816,#1816,#1818,.T.);
#1816 = VERTEX_POINT('',#1817);
#1817 = CARTESIAN_POINT('',(31.305,-53.99999999999,3.));
#1818 = CIRCLE('',#1819,3.);
#1819 = AXIS2_PLACEMENT_3D('',#1820,#1821,#1822);
#1820 = CARTESIAN_POINT('',(28.305,-53.99999999999,3.));
#1821 = DIRECTION('',(0.,0.,1.));
#1822 = DIRECTION('',(1.,0.,0.));
#1823 = FACE_BOUND('',#1824,.T.);
#1824 = EDGE_LOOP('',(#1825));
#1825 = ORIENTED_EDGE('',*,*,#1826,.F.);
#1826 = EDGE_CURVE('',#1827,#1827,#1829,.T.);
#1827 = VERTEX_POINT('',#1828);
#1828 = CARTESIAN_POINT('',(-25.305,59.,3.));
#1829 = CIRCLE('',#1830,3.);
#1830 = AXIS2_PLACEMENT_3D('',#1831,#1832,#1833);
#1831 = CARTESIAN_POINT('',(-28.305,59.,3.));
#1832 = DIRECTION('',(0.,0.,1.));
#1833 = DIRECTION('',(1.,0.,0.));
#1834 = FACE_BOUND('',#1835,.T.);
#1835 = EDGE_LOOP('',(#1836));
#1836 = ORIENTED_EDGE('',*,*,#1837,.F.);
#1837 = EDGE_CURVE('',#1838,#1838,#1840,.T.);
#1838 = VERTEX_POINT('',#1839);
#1839 = CARTESIAN_POINT('',(31.305,59.,3.));
#1840 = CIRCLE('',#1841,3.);
#1841 = AXIS2_PLACEMENT_3D('',#1842,#1843,#1844);
#1842 = CARTESIAN_POINT('',(28.305,59.,3.));
#1843 = DIRECTION('',(0.,0.,1.));
#1844 = DIRECTION('',(1.,0.,0.));
#1845 = PLANE('',#1846);
#1846 = AXIS2_PLACEMENT_3D('',#1847,#1848,#1849);
#1847 = CARTESIAN_POINT('',(-7.58E-15,1.832418120941,3.));
#1848 = DIRECTION('',(0.,0.,1.));
#1849 = DIRECTION('',(1.,0.,0.));
#1850 = ADVANCED_FACE('',(#1851),#1862,.T.);
#1851 = FACE_BOUND('',#1852,.T.);
#1852 = EDGE_LOOP('',(#1853,#1859,#1860,#1861));
#1853 = ORIENTED_EDGE('',*,*,#1854,.F.);
#1854 = EDGE_CURVE('',#1733,#1239,#1855,.T.);
#1855 = LINE('',#1856,#1857);
#1856 = CARTESIAN_POINT('',(35.304999999999,-40.99999999999,3.));
#1857 = VECTOR('',#1858,1.);
#1858 = DIRECTION('',(0.,0.,1.));
#1859 = ORIENTED_EDGE('',*,*,#1732,.F.);
#1860 = ORIENTED_EDGE('',*,*,#926,.F.);
#1861 = ORIENTED_EDGE('',*,*,#1246,.F.);
#1862 = PLANE('',#1863);
#1863 = AXIS2_PLACEMENT_3D('',#1864,#1865,#1866);
#1864 = CARTESIAN_POINT('',(35.305,2.500000000002,6.875));
#1865 = DIRECTION('',(-1.,6.1E-15,-8.9E-16));
#1866 = DIRECTION('',(-6.1E-15,-1.,0.));
#1867 = ADVANCED_FACE('',(#1868),#1874,.T.);
#1868 = FACE_BOUND('',#1869,.T.);
#1869 = EDGE_LOOP('',(#1870,#1871,#1872,#1873));
#1870 = ORIENTED_EDGE('',*,*,#1006,.F.);
#1871 = ORIENTED_EDGE('',*,*,#1032,.T.);
#1872 = ORIENTED_EDGE('',*,*,#1055,.F.);
#1873 = ORIENTED_EDGE('',*,*,#893,.F.);
#1874 = PLANE('',#1875);
#1875 = AXIS2_PLACEMENT_3D('',#1876,#1877,#1878);
#1876 = CARTESIAN_POINT('',(-6.23E-14,1.9247614295,10.75));
#1877 = DIRECTION('',(0.,0.,1.));
#1878 = DIRECTION('',(1.,0.,0.));
#1879 = ADVANCED_FACE('',(#1880),#1886,.T.);
#1880 = FACE_BOUND('',#1881,.T.);
#1881 = EDGE_LOOP('',(#1882,#1883,#1884,#1885));
#1882 = ORIENTED_EDGE('',*,*,#940,.F.);
#1883 = ORIENTED_EDGE('',*,*,#966,.T.);
#1884 = ORIENTED_EDGE('',*,*,#989,.F.);
#1885 = ORIENTED_EDGE('',*,*,#869,.F.);
#1886 = PLANE('',#1887);
#1887 = AXIS2_PLACEMENT_3D('',#1888,#1889,#1890);
#1888 = CARTESIAN_POINT('',(-6.23E-14,1.9247614295,10.75));
#1889 = DIRECTION('',(0.,0.,1.));
#1890 = DIRECTION('',(1.,0.,0.));
#1891 = ADVANCED_FACE('',(#1892),#1903,.T.);
#1892 = FACE_BOUND('',#1893,.T.);
#1893 = EDGE_LOOP('',(#1894,#1895,#1896,#1902));
#1894 = ORIENTED_EDGE('',*,*,#844,.F.);
#1895 = ORIENTED_EDGE('',*,*,#1725,.F.);
#1896 = ORIENTED_EDGE('',*,*,#1897,.T.);
#1897 = EDGE_CURVE('',#1718,#1549,#1898,.T.);
#1898 = LINE('',#1899,#1900);
#1899 = CARTESIAN_POINT('',(-35.305,-40.99999999999,3.));
#1900 = VECTOR('',#1901,1.);
#1901 = DIRECTION('',(0.,0.,1.));
#1902 = ORIENTED_EDGE('',*,*,#1548,.F.);
#1903 = PLANE('',#1904);
#1904 = AXIS2_PLACEMENT_3D('',#1905,#1906,#1907);
#1905 = CARTESIAN_POINT('',(-35.305,2.500000000002,6.875));
#1906 = DIRECTION('',(1.,0.,0.));
#1907 = DIRECTION('',(0.,0.,1.));
#1908 = ADVANCED_FACE('',(#1909),#1934,.F.);
#1909 = FACE_BOUND('',#1910,.F.);
#1910 = EDGE_LOOP('',(#1911,#1919,#1920,#1928));
#1911 = ORIENTED_EDGE('',*,*,#1912,.F.);
#1912 = EDGE_CURVE('',#1231,#1913,#1915,.T.);
#1913 = VERTEX_POINT('',#1914);
#1914 = CARTESIAN_POINT('',(35.305000000003,-30.99999999999,
    14.250000000004));
#1915 = LINE('',#1916,#1917);
#1916 = CARTESIAN_POINT('',(35.304999999999,-30.99999999999,3.));
#1917 = VECTOR('',#1918,1.);
#1918 = DIRECTION('',(0.,0.,1.));
#1919 = ORIENTED_EDGE('',*,*,#1238,.T.);
#1920 = ORIENTED_EDGE('',*,*,#1921,.T.);
#1921 = EDGE_CURVE('',#1239,#1922,#1924,.T.);
#1922 = VERTEX_POINT('',#1923);
#1923 = CARTESIAN_POINT('',(35.305000000006,-40.99999999999,
    14.250000000004));
#1924 = LINE('',#1925,#1926);
#1925 = CARTESIAN_POINT('',(35.304999999999,-40.99999999999,3.));
#1926 = VECTOR('',#1927,1.);
#1927 = DIRECTION('',(0.,0.,1.));
#1928 = ORIENTED_EDGE('',*,*,#1929,.T.);
#1929 = EDGE_CURVE('',#1922,#1913,#1930,.T.);
#1930 = LINE('',#1931,#1932);
#1931 = CARTESIAN_POINT('',(35.305000000006,-40.99999999999,
    14.250000000004));
#1932 = VECTOR('',#1933,1.);
#1933 = DIRECTION('',(0.,1.,-2.2E-16));
#1934 = PLANE('',#1935);
#1935 = AXIS2_PLACEMENT_3D('',#1936,#1937,#1938);
#1936 = CARTESIAN_POINT('',(35.304999999999,-40.99999999999,3.));
#1937 = DIRECTION('',(-1.,0.,0.));
#1938 = DIRECTION('',(0.,1.,0.));
#1939 = ADVANCED_FACE('',(#1940),#1956,.T.);
#1940 = FACE_BOUND('',#1941,.T.);
#1941 = EDGE_LOOP('',(#1942,#1948,#1949,#1955));
#1942 = ORIENTED_EDGE('',*,*,#1943,.F.);
#1943 = EDGE_CURVE('',#1765,#1223,#1944,.T.);
#1944 = LINE('',#1945,#1946);
#1945 = CARTESIAN_POINT('',(35.305,36.000000000001,3.));
#1946 = VECTOR('',#1947,1.);
#1947 = DIRECTION('',(0.,0.,1.));
#1948 = ORIENTED_EDGE('',*,*,#1764,.F.);
#1949 = ORIENTED_EDGE('',*,*,#1950,.T.);
#1950 = EDGE_CURVE('',#1757,#1231,#1951,.T.);
#1951 = LINE('',#1952,#1953);
#1952 = CARTESIAN_POINT('',(35.304999999999,-30.99999999999,3.));
#1953 = VECTOR('',#1954,1.);
#1954 = DIRECTION('',(0.,0.,1.));
#1955 = ORIENTED_EDGE('',*,*,#1230,.F.);
#1956 = PLANE('',#1957);
#1957 = AXIS2_PLACEMENT_3D('',#1958,#1959,#1960);
#1958 = CARTESIAN_POINT('',(35.305,2.500000000002,6.875));
#1959 = DIRECTION('',(-1.,6.1E-15,-8.9E-16));
#1960 = DIRECTION('',(-6.1E-15,-1.,0.));
#1961 = ADVANCED_FACE('',(#1962),#1987,.F.);
#1962 = FACE_BOUND('',#1963,.F.);
#1963 = EDGE_LOOP('',(#1964,#1972,#1973,#1981));
#1964 = ORIENTED_EDGE('',*,*,#1965,.F.);
#1965 = EDGE_CURVE('',#1215,#1966,#1968,.T.);
#1966 = VERTEX_POINT('',#1967);
#1967 = CARTESIAN_POINT('',(35.305000000006,46.,14.250000000004));
#1968 = LINE('',#1969,#1970);
#1969 = CARTESIAN_POINT('',(35.305,46.,3.));
#1970 = VECTOR('',#1971,1.);
#1971 = DIRECTION('',(0.,0.,1.));
#1972 = ORIENTED_EDGE('',*,*,#1222,.T.);
#1973 = ORIENTED_EDGE('',*,*,#1974,.T.);
#1974 = EDGE_CURVE('',#1223,#1975,#1977,.T.);
#1975 = VERTEX_POINT('',#1976);
#1976 = CARTESIAN_POINT('',(35.305000000003,36.000000000001,
    14.250000000004));
#1977 = LINE('',#1978,#1979);
#1978 = CARTESIAN_POINT('',(35.305,36.000000000001,3.));
#1979 = VECTOR('',#1980,1.);
#1980 = DIRECTION('',(0.,0.,1.));
#1981 = ORIENTED_EDGE('',*,*,#1982,.T.);
#1982 = EDGE_CURVE('',#1975,#1966,#1983,.T.);
#1983 = LINE('',#1984,#1985);
#1984 = CARTESIAN_POINT('',(35.305000000006,-40.99999999999,
    14.250000000004));
#1985 = VECTOR('',#1986,1.);
#1986 = DIRECTION('',(0.,1.,-2.2E-16));
#1987 = PLANE('',#1988);
#1988 = AXIS2_PLACEMENT_3D('',#1989,#1990,#1991);
#1989 = CARTESIAN_POINT('',(35.305,36.000000000001,3.));
#1990 = DIRECTION('',(-1.,0.,0.));
#1991 = DIRECTION('',(0.,1.,0.));
#1992 = ADVANCED_FACE('',(#1993),#2009,.T.);
#1993 = FACE_BOUND('',#1994,.T.);
#1994 = EDGE_LOOP('',(#1995,#2001,#2002,#2008));
#1995 = ORIENTED_EDGE('',*,*,#1996,.F.);
#1996 = EDGE_CURVE('',#1652,#1207,#1997,.T.);
#1997 = LINE('',#1998,#1999);
#1998 = CARTESIAN_POINT('',(35.305,66.,6.75));
#1999 = VECTOR('',#2000,1.);
#2000 = DIRECTION('',(0.,0.,1.));
#2001 = ORIENTED_EDGE('',*,*,#1796,.F.);
#2002 = ORIENTED_EDGE('',*,*,#2003,.T.);
#2003 = EDGE_CURVE('',#1789,#1215,#2004,.T.);
#2004 = LINE('',#2005,#2006);
#2005 = CARTESIAN_POINT('',(35.305,46.,3.));
#2006 = VECTOR('',#2007,1.);
#2007 = DIRECTION('',(0.,0.,1.));
#2008 = ORIENTED_EDGE('',*,*,#1214,.F.);
#2009 = PLANE('',#2010);
#2010 = AXIS2_PLACEMENT_3D('',#2011,#2012,#2013);
#2011 = CARTESIAN_POINT('',(35.305,2.500000000002,6.875));
#2012 = DIRECTION('',(-1.,6.1E-15,-8.9E-16));
#2013 = DIRECTION('',(-6.1E-15,-1.,0.));
#2014 = ADVANCED_FACE('',(#2015),#2039,.T.);
#2015 = FACE_BOUND('',#2016,.T.);
#2016 = EDGE_LOOP('',(#2017,#2023,#2024,#2025,#2026,#2027,#2028,#2029,
    #2030,#2031,#2032,#2033,#2034,#2035,#2036,#2037,#2038));
#2017 = ORIENTED_EDGE('',*,*,#2018,.F.);
#2018 = EDGE_CURVE('',#1654,#1581,#2019,.T.);
#2019 = LINE('',#2020,#2021);
#2020 = CARTESIAN_POINT('',(-35.305,66.,6.75));
#2021 = VECTOR('',#2022,1.);
#2022 = DIRECTION('',(0.,0.,1.));
#2023 = ORIENTED_EDGE('',*,*,#1651,.F.);
#2024 = ORIENTED_EDGE('',*,*,#1996,.T.);
#2025 = ORIENTED_EDGE('',*,*,#1206,.F.);
#2026 = ORIENTED_EDGE('',*,*,#1266,.T.);
#2027 = ORIENTED_EDGE('',*,*,#1291,.T.);
#2028 = ORIENTED_EDGE('',*,*,#1315,.T.);
#2029 = ORIENTED_EDGE('',*,*,#1340,.T.);
#2030 = ORIENTED_EDGE('',*,*,#1364,.T.);
#2031 = ORIENTED_EDGE('',*,*,#1389,.T.);
#2032 = ORIENTED_EDGE('',*,*,#1413,.T.);
#2033 = ORIENTED_EDGE('',*,*,#1445,.F.);
#2034 = ORIENTED_EDGE('',*,*,#1461,.T.);
#2035 = ORIENTED_EDGE('',*,*,#1470,.T.);
#2036 = ORIENTED_EDGE('',*,*,#1504,.F.);
#2037 = ORIENTED_EDGE('',*,*,#1521,.T.);
#2038 = ORIENTED_EDGE('',*,*,#1588,.F.);
#2039 = PLANE('',#2040);
#2040 = AXIS2_PLACEMENT_3D('',#2041,#2042,#2043);
#2041 = CARTESIAN_POINT('',(0.,66.,6.875));
#2042 = DIRECTION('',(-0.,-1.,-0.));
#2043 = DIRECTION('',(0.,0.,-1.));
#2044 = ADVANCED_FACE('',(#2045),#2056,.T.);
#2045 = FACE_BOUND('',#2046,.T.);
#2046 = EDGE_LOOP('',(#2047,#2053,#2054,#2055));
#2047 = ORIENTED_EDGE('',*,*,#2048,.F.);
#2048 = EDGE_CURVE('',#1662,#1573,#2049,.T.);
#2049 = LINE('',#2050,#2051);
#2050 = CARTESIAN_POINT('',(-35.305,46.,3.));
#2051 = VECTOR('',#2052,1.);
#2052 = DIRECTION('',(0.,0.,1.));
#2053 = ORIENTED_EDGE('',*,*,#1661,.F.);
#2054 = ORIENTED_EDGE('',*,*,#2018,.T.);
#2055 = ORIENTED_EDGE('',*,*,#1580,.F.);
#2056 = PLANE('',#2057);
#2057 = AXIS2_PLACEMENT_3D('',#2058,#2059,#2060);
#2058 = CARTESIAN_POINT('',(-35.305,2.500000000002,6.875));
#2059 = DIRECTION('',(1.,0.,0.));
#2060 = DIRECTION('',(0.,0.,1.));
#2061 = ADVANCED_FACE('',(#2062),#2087,.F.);
#2062 = FACE_BOUND('',#2063,.F.);
#2063 = EDGE_LOOP('',(#2064,#2072,#2073,#2081));
#2064 = ORIENTED_EDGE('',*,*,#2065,.F.);
#2065 = EDGE_CURVE('',#1565,#2066,#2068,.T.);
#2066 = VERTEX_POINT('',#2067);
#2067 = CARTESIAN_POINT('',(-35.305,36.,14.25));
#2068 = LINE('',#2069,#2070);
#2069 = CARTESIAN_POINT('',(-35.305,36.,3.));
#2070 = VECTOR('',#2071,1.);
#2071 = DIRECTION('',(0.,0.,1.));
#2072 = ORIENTED_EDGE('',*,*,#1572,.T.);
#2073 = ORIENTED_EDGE('',*,*,#2074,.T.);
#2074 = EDGE_CURVE('',#1573,#2075,#2077,.T.);
#2075 = VERTEX_POINT('',#2076);
#2076 = CARTESIAN_POINT('',(-35.305,46.,14.25));
#2077 = LINE('',#2078,#2079);
#2078 = CARTESIAN_POINT('',(-35.305,46.,3.));
#2079 = VECTOR('',#2080,1.);
#2080 = DIRECTION('',(0.,0.,1.));
#2081 = ORIENTED_EDGE('',*,*,#2082,.F.);
#2082 = EDGE_CURVE('',#2066,#2075,#2083,.T.);
#2083 = LINE('',#2084,#2085);
#2084 = CARTESIAN_POINT('',(-35.305,-40.99999999999,14.25));
#2085 = VECTOR('',#2086,1.);
#2086 = DIRECTION('',(0.,1.,-2.2E-16));
#2087 = PLANE('',#2088);
#2088 = AXIS2_PLACEMENT_3D('',#2089,#2090,#2091);
#2089 = CARTESIAN_POINT('',(-35.305,46.,3.));
#2090 = DIRECTION('',(1.,0.,0.));
#2091 = DIRECTION('',(0.,-1.,0.));
#2092 = ADVANCED_FACE('',(#2093),#2109,.T.);
#2093 = FACE_BOUND('',#2094,.T.);
#2094 = EDGE_LOOP('',(#2095,#2101,#2102,#2108));
#2095 = ORIENTED_EDGE('',*,*,#2096,.F.);
#2096 = EDGE_CURVE('',#1694,#1557,#2097,.T.);
#2097 = LINE('',#2098,#2099);
#2098 = CARTESIAN_POINT('',(-35.305,-30.99999999999,3.));
#2099 = VECTOR('',#2100,1.);
#2100 = DIRECTION('',(0.,0.,1.));
#2101 = ORIENTED_EDGE('',*,*,#1693,.F.);
#2102 = ORIENTED_EDGE('',*,*,#2103,.T.);
#2103 = EDGE_CURVE('',#1686,#1565,#2104,.T.);
#2104 = LINE('',#2105,#2106);
#2105 = CARTESIAN_POINT('',(-35.305,36.,3.));
#2106 = VECTOR('',#2107,1.);
#2107 = DIRECTION('',(0.,0.,1.));
#2108 = ORIENTED_EDGE('',*,*,#1564,.F.);
#2109 = PLANE('',#2110);
#2110 = AXIS2_PLACEMENT_3D('',#2111,#2112,#2113);
#2111 = CARTESIAN_POINT('',(-35.305,2.500000000002,6.875));
#2112 = DIRECTION('',(1.,0.,0.));
#2113 = DIRECTION('',(0.,0.,1.));
#2114 = ADVANCED_FACE('',(#2115),#2140,.F.);
#2115 = FACE_BOUND('',#2116,.F.);
#2116 = EDGE_LOOP('',(#2117,#2125,#2126,#2134));
#2117 = ORIENTED_EDGE('',*,*,#2118,.F.);
#2118 = EDGE_CURVE('',#1549,#2119,#2121,.T.);
#2119 = VERTEX_POINT('',#2120);
#2120 = CARTESIAN_POINT('',(-35.305,-40.99999999999,14.25));
#2121 = LINE('',#2122,#2123);
#2122 = CARTESIAN_POINT('',(-35.305,-40.99999999999,3.));
#2123 = VECTOR('',#2124,1.);
#2124 = DIRECTION('',(0.,0.,1.));
#2125 = ORIENTED_EDGE('',*,*,#1556,.T.);
#2126 = ORIENTED_EDGE('',*,*,#2127,.T.);
#2127 = EDGE_CURVE('',#1557,#2128,#2130,.T.);
#2128 = VERTEX_POINT('',#2129);
#2129 = CARTESIAN_POINT('',(-35.305,-30.99999999999,14.25));
#2130 = LINE('',#2131,#2132);
#2131 = CARTESIAN_POINT('',(-35.305,-30.99999999999,3.));
#2132 = VECTOR('',#2133,1.);
#2133 = DIRECTION('',(0.,0.,1.));
#2134 = ORIENTED_EDGE('',*,*,#2135,.F.);
#2135 = EDGE_CURVE('',#2119,#2128,#2136,.T.);
#2136 = LINE('',#2137,#2138);
#2137 = CARTESIAN_POINT('',(-35.305,-40.99999999999,14.25));
#2138 = VECTOR('',#2139,1.);
#2139 = DIRECTION('',(0.,1.,-2.2E-16));
#2140 = PLANE('',#2141);
#2141 = AXIS2_PLACEMENT_3D('',#2142,#2143,#2144);
#2142 = CARTESIAN_POINT('',(-35.305,-30.99999999999,3.));
#2143 = DIRECTION('',(1.,0.,0.));
#2144 = DIRECTION('',(0.,-1.,0.));
#2145 = ADVANCED_FACE('',(#2146),#2182,.T.);
#2146 = FACE_BOUND('',#2147,.T.);
#2147 = EDGE_LOOP('',(#2148,#2149,#2157,#2165,#2173,#2180,#2181));
#2148 = ORIENTED_EDGE('',*,*,#1788,.T.);
#2149 = ORIENTED_EDGE('',*,*,#2150,.T.);
#2150 = EDGE_CURVE('',#1781,#2151,#2153,.T.);
#2151 = VERTEX_POINT('',#2152);
#2152 = CARTESIAN_POINT('',(25.305,46.000000000001,15.75));
#2153 = LINE('',#2154,#2155);
#2154 = CARTESIAN_POINT('',(25.305,46.000000000001,3.));
#2155 = VECTOR('',#2156,1.);
#2156 = DIRECTION('',(0.,0.,1.));
#2157 = ORIENTED_EDGE('',*,*,#2158,.F.);
#2158 = EDGE_CURVE('',#2159,#2151,#2161,.T.);
#2159 = VERTEX_POINT('',#2160);
#2160 = CARTESIAN_POINT('',(35.305,46.,15.75));
#2161 = LINE('',#2162,#2163);
#2162 = CARTESIAN_POINT('',(17.652500000001,46.000000000001,15.75));
#2163 = VECTOR('',#2164,1.);
#2164 = DIRECTION('',(-1.,5.258E-14,0.));
#2165 = ORIENTED_EDGE('',*,*,#2166,.F.);
#2166 = EDGE_CURVE('',#2167,#2159,#2169,.T.);
#2167 = VERTEX_POINT('',#2168);
#2168 = CARTESIAN_POINT('',(35.305000000006,46.,15.249999999992));
#2169 = LINE('',#2170,#2171);
#2170 = CARTESIAN_POINT('',(35.305,46.,3.));
#2171 = VECTOR('',#2172,1.);
#2172 = DIRECTION('',(0.,0.,1.));
#2173 = ORIENTED_EDGE('',*,*,#2174,.F.);
#2174 = EDGE_CURVE('',#1966,#2167,#2175,.T.);
#2175 = CIRCLE('',#2176,0.499999999992);
#2176 = AXIS2_PLACEMENT_3D('',#2177,#2178,#2179);
#2177 = CARTESIAN_POINT('',(35.304999999999,46.,14.75));
#2178 = DIRECTION('',(0.,-1.,2.2E-16));
#2179 = DIRECTION('',(1.,0.,0.));
#2180 = ORIENTED_EDGE('',*,*,#1965,.F.);
#2181 = ORIENTED_EDGE('',*,*,#2003,.F.);
#2182 = PLANE('',#2183);
#2183 = AXIS2_PLACEMENT_3D('',#2184,#2185,#2186);
#2184 = CARTESIAN_POINT('',(30.36876114569,46.,9.433423913041));
#2185 = DIRECTION('',(5.266E-14,1.,3.5E-16));
#2186 = DIRECTION('',(1.,-5.266E-14,1.686455954289E-46));
#2187 = ADVANCED_FACE('',(#2188),#2206,.F.);
#2188 = FACE_BOUND('',#2189,.F.);
#2189 = EDGE_LOOP('',(#2190,#2191,#2192,#2200));
#2190 = ORIENTED_EDGE('',*,*,#1780,.F.);
#2191 = ORIENTED_EDGE('',*,*,#2150,.T.);
#2192 = ORIENTED_EDGE('',*,*,#2193,.T.);
#2193 = EDGE_CURVE('',#2151,#2194,#2196,.T.);
#2194 = VERTEX_POINT('',#2195);
#2195 = CARTESIAN_POINT('',(25.305,36.000000000001,15.75));
#2196 = LINE('',#2197,#2198);
#2197 = CARTESIAN_POINT('',(25.305,23.96238071475,15.75));
#2198 = VECTOR('',#2199,1.);
#2199 = DIRECTION('',(0.,-1.,0.));
#2200 = ORIENTED_EDGE('',*,*,#2201,.F.);
#2201 = EDGE_CURVE('',#1773,#2194,#2202,.T.);
#2202 = LINE('',#2203,#2204);
#2203 = CARTESIAN_POINT('',(25.305,36.000000000001,3.));
#2204 = VECTOR('',#2205,1.);
#2205 = DIRECTION('',(0.,0.,1.));
#2206 = PLANE('',#2207);
#2207 = AXIS2_PLACEMENT_3D('',#2208,#2209,#2210);
#2208 = CARTESIAN_POINT('',(25.305,46.000000000001,3.));
#2209 = DIRECTION('',(1.,0.,0.));
#2210 = DIRECTION('',(0.,-1.,0.));
#2211 = ADVANCED_FACE('',(#2212),#2241,.T.);
#2212 = FACE_BOUND('',#2213,.T.);
#2213 = EDGE_LOOP('',(#2214,#2215,#2216,#2217,#2226,#2234,#2240));
#2214 = ORIENTED_EDGE('',*,*,#1772,.T.);
#2215 = ORIENTED_EDGE('',*,*,#1943,.T.);
#2216 = ORIENTED_EDGE('',*,*,#1974,.T.);
#2217 = ORIENTED_EDGE('',*,*,#2218,.T.);
#2218 = EDGE_CURVE('',#1975,#2219,#2221,.T.);
#2219 = VERTEX_POINT('',#2220);
#2220 = CARTESIAN_POINT('',(35.305000000003,36.000000000001,
    15.249999999992));
#2221 = CIRCLE('',#2222,0.499999999992);
#2222 = AXIS2_PLACEMENT_3D('',#2223,#2224,#2225);
#2223 = CARTESIAN_POINT('',(35.304999999999,36.000000000001,14.75));
#2224 = DIRECTION('',(0.,-1.,2.2E-16));
#2225 = DIRECTION('',(1.,0.,0.));
#2226 = ORIENTED_EDGE('',*,*,#2227,.T.);
#2227 = EDGE_CURVE('',#2219,#2228,#2230,.T.);
#2228 = VERTEX_POINT('',#2229);
#2229 = CARTESIAN_POINT('',(35.305,36.000000000001,15.75));
#2230 = LINE('',#2231,#2232);
#2231 = CARTESIAN_POINT('',(35.305,36.000000000001,3.));
#2232 = VECTOR('',#2233,1.);
#2233 = DIRECTION('',(0.,0.,1.));
#2234 = ORIENTED_EDGE('',*,*,#2235,.F.);
#2235 = EDGE_CURVE('',#2194,#2228,#2236,.T.);
#2236 = LINE('',#2237,#2238);
#2237 = CARTESIAN_POINT('',(12.6525,36.000000000001,15.75));
#2238 = VECTOR('',#2239,1.);
#2239 = DIRECTION('',(1.,0.,0.));
#2240 = ORIENTED_EDGE('',*,*,#2201,.F.);
#2241 = PLANE('',#2242);
#2242 = AXIS2_PLACEMENT_3D('',#2243,#2244,#2245);
#2243 = CARTESIAN_POINT('',(30.36876114569,36.000000000001,
    9.433423913041));
#2244 = DIRECTION('',(-0.,-1.,-0.));
#2245 = DIRECTION('',(0.,0.,-1.));
#2246 = ADVANCED_FACE('',(#2247),#2283,.T.);
#2247 = FACE_BOUND('',#2248,.T.);
#2248 = EDGE_LOOP('',(#2249,#2250,#2258,#2266,#2274,#2281,#2282));
#2249 = ORIENTED_EDGE('',*,*,#1756,.T.);
#2250 = ORIENTED_EDGE('',*,*,#2251,.T.);
#2251 = EDGE_CURVE('',#1749,#2252,#2254,.T.);
#2252 = VERTEX_POINT('',#2253);
#2253 = CARTESIAN_POINT('',(25.304999999999,-30.99999999999,15.75));
#2254 = LINE('',#2255,#2256);
#2255 = CARTESIAN_POINT('',(25.304999999999,-30.99999999999,3.));
#2256 = VECTOR('',#2257,1.);
#2257 = DIRECTION('',(0.,0.,1.));
#2258 = ORIENTED_EDGE('',*,*,#2259,.F.);
#2259 = EDGE_CURVE('',#2260,#2252,#2262,.T.);
#2260 = VERTEX_POINT('',#2261);
#2261 = CARTESIAN_POINT('',(35.304999999999,-30.99999999999,15.75));
#2262 = LINE('',#2263,#2264);
#2263 = CARTESIAN_POINT('',(17.6525,-30.99999999999,15.75));
#2264 = VECTOR('',#2265,1.);
#2265 = DIRECTION('',(-1.,3.6E-16,0.));
#2266 = ORIENTED_EDGE('',*,*,#2267,.F.);
#2267 = EDGE_CURVE('',#2268,#2260,#2270,.T.);
#2268 = VERTEX_POINT('',#2269);
#2269 = CARTESIAN_POINT('',(35.305000000003,-30.99999999999,
    15.249999999992));
#2270 = LINE('',#2271,#2272);
#2271 = CARTESIAN_POINT('',(35.304999999999,-30.99999999999,3.));
#2272 = VECTOR('',#2273,1.);
#2273 = DIRECTION('',(0.,0.,1.));
#2274 = ORIENTED_EDGE('',*,*,#2275,.F.);
#2275 = EDGE_CURVE('',#1913,#2268,#2276,.T.);
#2276 = CIRCLE('',#2277,0.499999999992);
#2277 = AXIS2_PLACEMENT_3D('',#2278,#2279,#2280);
#2278 = CARTESIAN_POINT('',(35.304999999999,-30.99999999999,14.75));
#2279 = DIRECTION('',(0.,-1.,2.2E-16));
#2280 = DIRECTION('',(1.,0.,0.));
#2281 = ORIENTED_EDGE('',*,*,#1912,.F.);
#2282 = ORIENTED_EDGE('',*,*,#1950,.F.);
#2283 = PLANE('',#2284);
#2284 = AXIS2_PLACEMENT_3D('',#2285,#2286,#2287);
#2285 = CARTESIAN_POINT('',(30.36876114569,-30.99999999999,
    9.433423913041));
#2286 = DIRECTION('',(3.5E-16,1.,0.));
#2287 = DIRECTION('',(1.,-3.5E-16,0.));
#2288 = ADVANCED_FACE('',(#2289),#2307,.F.);
#2289 = FACE_BOUND('',#2290,.F.);
#2290 = EDGE_LOOP('',(#2291,#2292,#2293,#2301));
#2291 = ORIENTED_EDGE('',*,*,#1748,.F.);
#2292 = ORIENTED_EDGE('',*,*,#2251,.T.);
#2293 = ORIENTED_EDGE('',*,*,#2294,.T.);
#2294 = EDGE_CURVE('',#2252,#2295,#2297,.T.);
#2295 = VERTEX_POINT('',#2296);
#2296 = CARTESIAN_POINT('',(25.304999999999,-40.99999999999,15.75));
#2297 = LINE('',#2298,#2299);
#2298 = CARTESIAN_POINT('',(25.304999999999,-14.53761928524,15.75));
#2299 = VECTOR('',#2300,1.);
#2300 = DIRECTION('',(0.,-1.,0.));
#2301 = ORIENTED_EDGE('',*,*,#2302,.F.);
#2302 = EDGE_CURVE('',#1741,#2295,#2303,.T.);
#2303 = LINE('',#2304,#2305);
#2304 = CARTESIAN_POINT('',(25.304999999999,-40.99999999999,3.));
#2305 = VECTOR('',#2306,1.);
#2306 = DIRECTION('',(0.,0.,1.));
#2307 = PLANE('',#2308);
#2308 = AXIS2_PLACEMENT_3D('',#2309,#2310,#2311);
#2309 = CARTESIAN_POINT('',(25.304999999999,-30.99999999999,3.));
#2310 = DIRECTION('',(1.,0.,0.));
#2311 = DIRECTION('',(0.,-1.,0.));
#2312 = ADVANCED_FACE('',(#2313),#2342,.T.);
#2313 = FACE_BOUND('',#2314,.T.);
#2314 = EDGE_LOOP('',(#2315,#2316,#2317,#2318,#2327,#2335,#2341));
#2315 = ORIENTED_EDGE('',*,*,#1740,.T.);
#2316 = ORIENTED_EDGE('',*,*,#1854,.T.);
#2317 = ORIENTED_EDGE('',*,*,#1921,.T.);
#2318 = ORIENTED_EDGE('',*,*,#2319,.T.);
#2319 = EDGE_CURVE('',#1922,#2320,#2322,.T.);
#2320 = VERTEX_POINT('',#2321);
#2321 = CARTESIAN_POINT('',(35.305000000006,-40.99999999999,
    15.249999999992));
#2322 = CIRCLE('',#2323,0.499999999992);
#2323 = AXIS2_PLACEMENT_3D('',#2324,#2325,#2326);
#2324 = CARTESIAN_POINT('',(35.304999999999,-40.99999999999,14.75));
#2325 = DIRECTION('',(0.,-1.,0.));
#2326 = DIRECTION('',(1.,0.,0.));
#2327 = ORIENTED_EDGE('',*,*,#2328,.T.);
#2328 = EDGE_CURVE('',#2320,#2329,#2331,.T.);
#2329 = VERTEX_POINT('',#2330);
#2330 = CARTESIAN_POINT('',(35.304999999999,-40.99999999999,15.75));
#2331 = LINE('',#2332,#2333);
#2332 = CARTESIAN_POINT('',(35.304999999999,-40.99999999999,3.));
#2333 = VECTOR('',#2334,1.);
#2334 = DIRECTION('',(0.,0.,1.));
#2335 = ORIENTED_EDGE('',*,*,#2336,.F.);
#2336 = EDGE_CURVE('',#2295,#2329,#2337,.T.);
#2337 = LINE('',#2338,#2339);
#2338 = CARTESIAN_POINT('',(12.6525,-40.99999999999,15.75));
#2339 = VECTOR('',#2340,1.);
#2340 = DIRECTION('',(1.,0.,0.));
#2341 = ORIENTED_EDGE('',*,*,#2302,.F.);
#2342 = PLANE('',#2343);
#2343 = AXIS2_PLACEMENT_3D('',#2344,#2345,#2346);
#2344 = CARTESIAN_POINT('',(30.36876114569,-40.99999999999,
    9.433423913041));
#2345 = DIRECTION('',(-0.,-1.,-0.));
#2346 = DIRECTION('',(0.,0.,-1.));
#2347 = ADVANCED_FACE('',(#2348),#2384,.T.);
#2348 = FACE_BOUND('',#2349,.T.);
#2349 = EDGE_LOOP('',(#2350,#2351,#2359,#2367,#2375,#2382,#2383));
#2350 = ORIENTED_EDGE('',*,*,#1717,.T.);
#2351 = ORIENTED_EDGE('',*,*,#2352,.T.);
#2352 = EDGE_CURVE('',#1710,#2353,#2355,.T.);
#2353 = VERTEX_POINT('',#2354);
#2354 = CARTESIAN_POINT('',(-25.305,-40.99999999999,15.75));
#2355 = LINE('',#2356,#2357);
#2356 = CARTESIAN_POINT('',(-25.305,-40.99999999999,3.));
#2357 = VECTOR('',#2358,1.);
#2358 = DIRECTION('',(0.,0.,1.));
#2359 = ORIENTED_EDGE('',*,*,#2360,.F.);
#2360 = EDGE_CURVE('',#2361,#2353,#2363,.T.);
#2361 = VERTEX_POINT('',#2362);
#2362 = CARTESIAN_POINT('',(-35.305,-40.99999999999,15.75));
#2363 = LINE('',#2364,#2365);
#2364 = CARTESIAN_POINT('',(-17.6525,-40.99999999999,15.75));
#2365 = VECTOR('',#2366,1.);
#2366 = DIRECTION('',(1.,0.,0.));
#2367 = ORIENTED_EDGE('',*,*,#2368,.F.);
#2368 = EDGE_CURVE('',#2369,#2361,#2371,.T.);
#2369 = VERTEX_POINT('',#2370);
#2370 = CARTESIAN_POINT('',(-35.305,-40.99999999999,15.249999999996));
#2371 = LINE('',#2372,#2373);
#2372 = CARTESIAN_POINT('',(-35.305,-40.99999999999,3.));
#2373 = VECTOR('',#2374,1.);
#2374 = DIRECTION('',(0.,0.,1.));
#2375 = ORIENTED_EDGE('',*,*,#2376,.T.);
#2376 = EDGE_CURVE('',#2369,#2119,#2377,.T.);
#2377 = CIRCLE('',#2378,0.5);
#2378 = AXIS2_PLACEMENT_3D('',#2379,#2380,#2381);
#2379 = CARTESIAN_POINT('',(-35.305,-40.99999999999,14.75));
#2380 = DIRECTION('',(0.,-1.,0.));
#2381 = DIRECTION('',(1.,0.,0.));
#2382 = ORIENTED_EDGE('',*,*,#2118,.F.);
#2383 = ORIENTED_EDGE('',*,*,#1897,.F.);
#2384 = PLANE('',#2385);
#2385 = AXIS2_PLACEMENT_3D('',#2386,#2387,#2388);
#2386 = CARTESIAN_POINT('',(-30.36876114569,-40.99999999999,
    9.433423913044));
#2387 = DIRECTION('',(-0.,-1.,-0.));
#2388 = DIRECTION('',(0.,0.,-1.));
#2389 = ADVANCED_FACE('',(#2390),#2408,.T.);
#2390 = FACE_BOUND('',#2391,.T.);
#2391 = EDGE_LOOP('',(#2392,#2393,#2401,#2407));
#2392 = ORIENTED_EDGE('',*,*,#1709,.F.);
#2393 = ORIENTED_EDGE('',*,*,#2394,.T.);
#2394 = EDGE_CURVE('',#1702,#2395,#2397,.T.);
#2395 = VERTEX_POINT('',#2396);
#2396 = CARTESIAN_POINT('',(-25.305,-30.99999999999,15.75));
#2397 = LINE('',#2398,#2399);
#2398 = CARTESIAN_POINT('',(-25.305,-30.99999999999,3.));
#2399 = VECTOR('',#2400,1.);
#2400 = DIRECTION('',(0.,0.,1.));
#2401 = ORIENTED_EDGE('',*,*,#2402,.T.);
#2402 = EDGE_CURVE('',#2395,#2353,#2403,.T.);
#2403 = LINE('',#2404,#2405);
#2404 = CARTESIAN_POINT('',(-25.305,-14.53761928524,15.75));
#2405 = VECTOR('',#2406,1.);
#2406 = DIRECTION('',(0.,-1.,0.));
#2407 = ORIENTED_EDGE('',*,*,#2352,.F.);
#2408 = PLANE('',#2409);
#2409 = AXIS2_PLACEMENT_3D('',#2410,#2411,#2412);
#2410 = CARTESIAN_POINT('',(-25.305,-30.99999999999,3.));
#2411 = DIRECTION('',(1.,0.,0.));
#2412 = DIRECTION('',(0.,-1.,0.));
#2413 = ADVANCED_FACE('',(#2414),#2443,.T.);
#2414 = FACE_BOUND('',#2415,.T.);
#2415 = EDGE_LOOP('',(#2416,#2417,#2418,#2419,#2428,#2436,#2442));
#2416 = ORIENTED_EDGE('',*,*,#1701,.T.);
#2417 = ORIENTED_EDGE('',*,*,#2096,.T.);
#2418 = ORIENTED_EDGE('',*,*,#2127,.T.);
#2419 = ORIENTED_EDGE('',*,*,#2420,.F.);
#2420 = EDGE_CURVE('',#2421,#2128,#2423,.T.);
#2421 = VERTEX_POINT('',#2422);
#2422 = CARTESIAN_POINT('',(-35.305,-30.99999999999,15.249999999996));
#2423 = CIRCLE('',#2424,0.5);
#2424 = AXIS2_PLACEMENT_3D('',#2425,#2426,#2427);
#2425 = CARTESIAN_POINT('',(-35.305,-30.99999999999,14.75));
#2426 = DIRECTION('',(0.,-1.,2.2E-16));
#2427 = DIRECTION('',(1.,0.,0.));
#2428 = ORIENTED_EDGE('',*,*,#2429,.T.);
#2429 = EDGE_CURVE('',#2421,#2430,#2432,.T.);
#2430 = VERTEX_POINT('',#2431);
#2431 = CARTESIAN_POINT('',(-35.305,-30.99999999999,15.75));
#2432 = LINE('',#2433,#2434);
#2433 = CARTESIAN_POINT('',(-35.305,-30.99999999999,3.));
#2434 = VECTOR('',#2435,1.);
#2435 = DIRECTION('',(0.,0.,1.));
#2436 = ORIENTED_EDGE('',*,*,#2437,.F.);
#2437 = EDGE_CURVE('',#2395,#2430,#2438,.T.);
#2438 = LINE('',#2439,#2440);
#2439 = CARTESIAN_POINT('',(-12.6525,-30.99999999999,15.75));
#2440 = VECTOR('',#2441,1.);
#2441 = DIRECTION('',(-1.,0.,0.));
#2442 = ORIENTED_EDGE('',*,*,#2394,.F.);
#2443 = PLANE('',#2444);
#2444 = AXIS2_PLACEMENT_3D('',#2445,#2446,#2447);
#2445 = CARTESIAN_POINT('',(-30.36876114569,-30.99999999999,
    9.433423913044));
#2446 = DIRECTION('',(0.,1.,0.));
#2447 = DIRECTION('',(0.,0.,1.));
#2448 = ADVANCED_FACE('',(#2449),#2485,.T.);
#2449 = FACE_BOUND('',#2450,.T.);
#2450 = EDGE_LOOP('',(#2451,#2452,#2460,#2468,#2476,#2483,#2484));
#2451 = ORIENTED_EDGE('',*,*,#1685,.T.);
#2452 = ORIENTED_EDGE('',*,*,#2453,.T.);
#2453 = EDGE_CURVE('',#1678,#2454,#2456,.T.);
#2454 = VERTEX_POINT('',#2455);
#2455 = CARTESIAN_POINT('',(-25.305,36.,15.75));
#2456 = LINE('',#2457,#2458);
#2457 = CARTESIAN_POINT('',(-25.305,36.,3.));
#2458 = VECTOR('',#2459,1.);
#2459 = DIRECTION('',(0.,0.,1.));
#2460 = ORIENTED_EDGE('',*,*,#2461,.F.);
#2461 = EDGE_CURVE('',#2462,#2454,#2464,.T.);
#2462 = VERTEX_POINT('',#2463);
#2463 = CARTESIAN_POINT('',(-35.305,36.,15.75));
#2464 = LINE('',#2465,#2466);
#2465 = CARTESIAN_POINT('',(-17.6525,36.,15.75));
#2466 = VECTOR('',#2467,1.);
#2467 = DIRECTION('',(1.,0.,0.));
#2468 = ORIENTED_EDGE('',*,*,#2469,.F.);
#2469 = EDGE_CURVE('',#2470,#2462,#2472,.T.);
#2470 = VERTEX_POINT('',#2471);
#2471 = CARTESIAN_POINT('',(-35.305,36.,15.249999999996));
#2472 = LINE('',#2473,#2474);
#2473 = CARTESIAN_POINT('',(-35.305,36.,3.));
#2474 = VECTOR('',#2475,1.);
#2475 = DIRECTION('',(0.,0.,1.));
#2476 = ORIENTED_EDGE('',*,*,#2477,.T.);
#2477 = EDGE_CURVE('',#2470,#2066,#2478,.T.);
#2478 = CIRCLE('',#2479,0.5);
#2479 = AXIS2_PLACEMENT_3D('',#2480,#2481,#2482);
#2480 = CARTESIAN_POINT('',(-35.305,36.,14.75));
#2481 = DIRECTION('',(0.,-1.,2.2E-16));
#2482 = DIRECTION('',(1.,0.,0.));
#2483 = ORIENTED_EDGE('',*,*,#2065,.F.);
#2484 = ORIENTED_EDGE('',*,*,#2103,.F.);
#2485 = PLANE('',#2486);
#2486 = AXIS2_PLACEMENT_3D('',#2487,#2488,#2489);
#2487 = CARTESIAN_POINT('',(-30.36876114569,36.,9.433423913044));
#2488 = DIRECTION('',(-0.,-1.,-0.));
#2489 = DIRECTION('',(0.,0.,-1.));
#2490 = ADVANCED_FACE('',(#2491),#2509,.F.);
#2491 = FACE_BOUND('',#2492,.F.);
#2492 = EDGE_LOOP('',(#2493,#2494,#2495,#2503));
#2493 = ORIENTED_EDGE('',*,*,#1677,.F.);
#2494 = ORIENTED_EDGE('',*,*,#2453,.T.);
#2495 = ORIENTED_EDGE('',*,*,#2496,.T.);
#2496 = EDGE_CURVE('',#2454,#2497,#2499,.T.);
#2497 = VERTEX_POINT('',#2498);
#2498 = CARTESIAN_POINT('',(-25.305,46.,15.75));
#2499 = LINE('',#2500,#2501);
#2500 = CARTESIAN_POINT('',(-25.305,18.96238071475,15.75));
#2501 = VECTOR('',#2502,1.);
#2502 = DIRECTION('',(0.,1.,0.));
#2503 = ORIENTED_EDGE('',*,*,#2504,.F.);
#2504 = EDGE_CURVE('',#1670,#2497,#2505,.T.);
#2505 = LINE('',#2506,#2507);
#2506 = CARTESIAN_POINT('',(-25.305,46.,3.));
#2507 = VECTOR('',#2508,1.);
#2508 = DIRECTION('',(0.,0.,1.));
#2509 = PLANE('',#2510);
#2510 = AXIS2_PLACEMENT_3D('',#2511,#2512,#2513);
#2511 = CARTESIAN_POINT('',(-25.305,36.,3.));
#2512 = DIRECTION('',(-1.,0.,0.));
#2513 = DIRECTION('',(0.,1.,0.));
#2514 = ADVANCED_FACE('',(#2515),#2544,.T.);
#2515 = FACE_BOUND('',#2516,.T.);
#2516 = EDGE_LOOP('',(#2517,#2518,#2519,#2520,#2529,#2537,#2543));
#2517 = ORIENTED_EDGE('',*,*,#1669,.T.);
#2518 = ORIENTED_EDGE('',*,*,#2048,.T.);
#2519 = ORIENTED_EDGE('',*,*,#2074,.T.);
#2520 = ORIENTED_EDGE('',*,*,#2521,.F.);
#2521 = EDGE_CURVE('',#2522,#2075,#2524,.T.);
#2522 = VERTEX_POINT('',#2523);
#2523 = CARTESIAN_POINT('',(-35.305,46.,15.249999999996));
#2524 = CIRCLE('',#2525,0.5);
#2525 = AXIS2_PLACEMENT_3D('',#2526,#2527,#2528);
#2526 = CARTESIAN_POINT('',(-35.305,46.,14.75));
#2527 = DIRECTION('',(0.,-1.,2.2E-16));
#2528 = DIRECTION('',(1.,0.,0.));
#2529 = ORIENTED_EDGE('',*,*,#2530,.T.);
#2530 = EDGE_CURVE('',#2522,#2531,#2533,.T.);
#2531 = VERTEX_POINT('',#2532);
#2532 = CARTESIAN_POINT('',(-35.305,46.,15.75));
#2533 = LINE('',#2534,#2535);
#2534 = CARTESIAN_POINT('',(-35.305,46.,3.));
#2535 = VECTOR('',#2536,1.);
#2536 = DIRECTION('',(0.,0.,1.));
#2537 = ORIENTED_EDGE('',*,*,#2538,.F.);
#2538 = EDGE_CURVE('',#2497,#2531,#2539,.T.);
#2539 = LINE('',#2540,#2541);
#2540 = CARTESIAN_POINT('',(-12.6525,46.,15.75));
#2541 = VECTOR('',#2542,1.);
#2542 = DIRECTION('',(-1.,0.,0.));
#2543 = ORIENTED_EDGE('',*,*,#2504,.F.);
#2544 = PLANE('',#2545);
#2545 = AXIS2_PLACEMENT_3D('',#2546,#2547,#2548);
#2546 = CARTESIAN_POINT('',(-30.36876114569,46.,9.433423913044));
#2547 = DIRECTION('',(0.,1.,0.));
#2548 = DIRECTION('',(0.,0.,1.));
#2549 = ADVANCED_FACE('',(#2550),#2569,.T.);
#2550 = FACE_BOUND('',#2551,.F.);
#2551 = EDGE_LOOP('',(#2552,#2560,#2567,#2568));
#2552 = ORIENTED_EDGE('',*,*,#2553,.T.);
#2553 = EDGE_CURVE('',#1805,#2554,#2556,.T.);
#2554 = VERTEX_POINT('',#2555);
#2555 = CARTESIAN_POINT('',(-25.305,-53.99999999999,5.25));
#2556 = LINE('',#2557,#2558);
#2557 = CARTESIAN_POINT('',(-25.305,-53.99999999999,3.));
#2558 = VECTOR('',#2559,1.);
#2559 = DIRECTION('',(0.,0.,1.));
#2560 = ORIENTED_EDGE('',*,*,#2561,.T.);
#2561 = EDGE_CURVE('',#2554,#2554,#2562,.T.);
#2562 = CIRCLE('',#2563,3.);
#2563 = AXIS2_PLACEMENT_3D('',#2564,#2565,#2566);
#2564 = CARTESIAN_POINT('',(-28.305,-53.99999999999,5.25));
#2565 = DIRECTION('',(0.,0.,1.));
#2566 = DIRECTION('',(1.,0.,0.));
#2567 = ORIENTED_EDGE('',*,*,#2553,.F.);
#2568 = ORIENTED_EDGE('',*,*,#1804,.F.);
#2569 = CYLINDRICAL_SURFACE('',#2570,3.);
#2570 = AXIS2_PLACEMENT_3D('',#2571,#2572,#2573);
#2571 = CARTESIAN_POINT('',(-28.305,-53.99999999999,3.));
#2572 = DIRECTION('',(-0.,-0.,-1.));
#2573 = DIRECTION('',(1.,0.,0.));
#2574 = ADVANCED_FACE('',(#2575),#2594,.T.);
#2575 = FACE_BOUND('',#2576,.F.);
#2576 = EDGE_LOOP('',(#2577,#2585,#2592,#2593));
#2577 = ORIENTED_EDGE('',*,*,#2578,.T.);
#2578 = EDGE_CURVE('',#1816,#2579,#2581,.T.);
#2579 = VERTEX_POINT('',#2580);
#2580 = CARTESIAN_POINT('',(31.305,-53.99999999999,5.25));
#2581 = LINE('',#2582,#2583);
#2582 = CARTESIAN_POINT('',(31.305,-53.99999999999,3.));
#2583 = VECTOR('',#2584,1.);
#2584 = DIRECTION('',(0.,0.,1.));
#2585 = ORIENTED_EDGE('',*,*,#2586,.T.);
#2586 = EDGE_CURVE('',#2579,#2579,#2587,.T.);
#2587 = CIRCLE('',#2588,3.);
#2588 = AXIS2_PLACEMENT_3D('',#2589,#2590,#2591);
#2589 = CARTESIAN_POINT('',(28.305,-53.99999999999,5.25));
#2590 = DIRECTION('',(0.,0.,1.));
#2591 = DIRECTION('',(1.,0.,0.));
#2592 = ORIENTED_EDGE('',*,*,#2578,.F.);
#2593 = ORIENTED_EDGE('',*,*,#1815,.F.);
#2594 = CYLINDRICAL_SURFACE('',#2595,3.);
#2595 = AXIS2_PLACEMENT_3D('',#2596,#2597,#2598);
#2596 = CARTESIAN_POINT('',(28.305,-53.99999999999,3.));
#2597 = DIRECTION('',(-0.,-0.,-1.));
#2598 = DIRECTION('',(1.,0.,0.));
#2599 = ADVANCED_FACE('',(#2600),#2619,.T.);
#2600 = FACE_BOUND('',#2601,.F.);
#2601 = EDGE_LOOP('',(#2602,#2610,#2617,#2618));
#2602 = ORIENTED_EDGE('',*,*,#2603,.T.);
#2603 = EDGE_CURVE('',#1827,#2604,#2606,.T.);
#2604 = VERTEX_POINT('',#2605);
#2605 = CARTESIAN_POINT('',(-25.305,59.,5.25));
#2606 = LINE('',#2607,#2608);
#2607 = CARTESIAN_POINT('',(-25.305,59.,3.));
#2608 = VECTOR('',#2609,1.);
#2609 = DIRECTION('',(0.,0.,1.));
#2610 = ORIENTED_EDGE('',*,*,#2611,.T.);
#2611 = EDGE_CURVE('',#2604,#2604,#2612,.T.);
#2612 = CIRCLE('',#2613,3.);
#2613 = AXIS2_PLACEMENT_3D('',#2614,#2615,#2616);
#2614 = CARTESIAN_POINT('',(-28.305,59.,5.25));
#2615 = DIRECTION('',(0.,0.,1.));
#2616 = DIRECTION('',(1.,0.,0.));
#2617 = ORIENTED_EDGE('',*,*,#2603,.F.);
#2618 = ORIENTED_EDGE('',*,*,#1826,.F.);
#2619 = CYLINDRICAL_SURFACE('',#2620,3.);
#2620 = AXIS2_PLACEMENT_3D('',#2621,#2622,#2623);
#2621 = CARTESIAN_POINT('',(-28.305,59.,3.));
#2622 = DIRECTION('',(-0.,-0.,-1.));
#2623 = DIRECTION('',(1.,0.,0.));
#2624 = ADVANCED_FACE('',(#2625),#2644,.T.);
#2625 = FACE_BOUND('',#2626,.F.);
#2626 = EDGE_LOOP('',(#2627,#2635,#2642,#2643));
#2627 = ORIENTED_EDGE('',*,*,#2628,.T.);
#2628 = EDGE_CURVE('',#1838,#2629,#2631,.T.);
#2629 = VERTEX_POINT('',#2630);
#2630 = CARTESIAN_POINT('',(31.305,59.,5.25));
#2631 = LINE('',#2632,#2633);
#2632 = CARTESIAN_POINT('',(31.305,59.,3.));
#2633 = VECTOR('',#2634,1.);
#2634 = DIRECTION('',(0.,0.,1.));
#2635 = ORIENTED_EDGE('',*,*,#2636,.T.);
#2636 = EDGE_CURVE('',#2629,#2629,#2637,.T.);
#2637 = CIRCLE('',#2638,3.);
#2638 = AXIS2_PLACEMENT_3D('',#2639,#2640,#2641);
#2639 = CARTESIAN_POINT('',(28.305,59.,5.25));
#2640 = DIRECTION('',(0.,0.,1.));
#2641 = DIRECTION('',(1.,0.,0.));
#2642 = ORIENTED_EDGE('',*,*,#2628,.F.);
#2643 = ORIENTED_EDGE('',*,*,#1837,.F.);
#2644 = CYLINDRICAL_SURFACE('',#2645,3.);
#2645 = AXIS2_PLACEMENT_3D('',#2646,#2647,#2648);
#2646 = CARTESIAN_POINT('',(28.305,59.,3.));
#2647 = DIRECTION('',(-0.,-0.,-1.));
#2648 = DIRECTION('',(1.,0.,0.));
#2649 = ADVANCED_FACE('',(#2650),#2661,.T.);
#2650 = FACE_BOUND('',#2651,.T.);
#2651 = EDGE_LOOP('',(#2652,#2653,#2654,#2655));
#2652 = ORIENTED_EDGE('',*,*,#2319,.F.);
#2653 = ORIENTED_EDGE('',*,*,#1929,.T.);
#2654 = ORIENTED_EDGE('',*,*,#2275,.T.);
#2655 = ORIENTED_EDGE('',*,*,#2656,.F.);
#2656 = EDGE_CURVE('',#2320,#2268,#2657,.T.);
#2657 = LINE('',#2658,#2659);
#2658 = CARTESIAN_POINT('',(35.305000000006,-40.99999999999,
    15.249999999992));
#2659 = VECTOR('',#2660,1.);
#2660 = DIRECTION('',(0.,1.,-2.2E-16));
#2661 = CYLINDRICAL_SURFACE('',#2662,0.499999999992);
#2662 = AXIS2_PLACEMENT_3D('',#2663,#2664,#2665);
#2663 = CARTESIAN_POINT('',(35.304999999999,-40.99999999999,14.75));
#2664 = DIRECTION('',(0.,-1.,2.2E-16));
#2665 = DIRECTION('',(1.,0.,0.));
#2666 = ADVANCED_FACE('',(#2667),#2678,.T.);
#2667 = FACE_BOUND('',#2668,.T.);
#2668 = EDGE_LOOP('',(#2669,#2670,#2671,#2672));
#2669 = ORIENTED_EDGE('',*,*,#2218,.F.);
#2670 = ORIENTED_EDGE('',*,*,#1982,.T.);
#2671 = ORIENTED_EDGE('',*,*,#2174,.T.);
#2672 = ORIENTED_EDGE('',*,*,#2673,.F.);
#2673 = EDGE_CURVE('',#2219,#2167,#2674,.T.);
#2674 = LINE('',#2675,#2676);
#2675 = CARTESIAN_POINT('',(35.305000000006,-40.99999999999,
    15.249999999992));
#2676 = VECTOR('',#2677,1.);
#2677 = DIRECTION('',(0.,1.,-2.2E-16));
#2678 = CYLINDRICAL_SURFACE('',#2679,0.499999999992);
#2679 = AXIS2_PLACEMENT_3D('',#2680,#2681,#2682);
#2680 = CARTESIAN_POINT('',(35.304999999999,-40.99999999999,14.75));
#2681 = DIRECTION('',(0.,-1.,2.2E-16));
#2682 = DIRECTION('',(1.,0.,0.));
#2683 = ADVANCED_FACE('',(#2684),#2695,.T.);
#2684 = FACE_BOUND('',#2685,.T.);
#2685 = EDGE_LOOP('',(#2686,#2687,#2693,#2694));
#2686 = ORIENTED_EDGE('',*,*,#2477,.F.);
#2687 = ORIENTED_EDGE('',*,*,#2688,.T.);
#2688 = EDGE_CURVE('',#2470,#2522,#2689,.T.);
#2689 = LINE('',#2690,#2691);
#2690 = CARTESIAN_POINT('',(-35.305,-40.99999999999,15.249999999996));
#2691 = VECTOR('',#2692,1.);
#2692 = DIRECTION('',(0.,1.,-2.2E-16));
#2693 = ORIENTED_EDGE('',*,*,#2521,.T.);
#2694 = ORIENTED_EDGE('',*,*,#2082,.F.);
#2695 = CYLINDRICAL_SURFACE('',#2696,0.5);
#2696 = AXIS2_PLACEMENT_3D('',#2697,#2698,#2699);
#2697 = CARTESIAN_POINT('',(-35.305,-40.99999999999,14.75));
#2698 = DIRECTION('',(0.,-1.,2.2E-16));
#2699 = DIRECTION('',(1.,0.,0.));
#2700 = ADVANCED_FACE('',(#2701),#2712,.T.);
#2701 = FACE_BOUND('',#2702,.T.);
#2702 = EDGE_LOOP('',(#2703,#2704,#2710,#2711));
#2703 = ORIENTED_EDGE('',*,*,#2376,.F.);
#2704 = ORIENTED_EDGE('',*,*,#2705,.T.);
#2705 = EDGE_CURVE('',#2369,#2421,#2706,.T.);
#2706 = LINE('',#2707,#2708);
#2707 = CARTESIAN_POINT('',(-35.305,-40.99999999999,15.249999999996));
#2708 = VECTOR('',#2709,1.);
#2709 = DIRECTION('',(0.,1.,-2.2E-16));
#2710 = ORIENTED_EDGE('',*,*,#2420,.T.);
#2711 = ORIENTED_EDGE('',*,*,#2135,.F.);
#2712 = CYLINDRICAL_SURFACE('',#2713,0.5);
#2713 = AXIS2_PLACEMENT_3D('',#2714,#2715,#2716);
#2714 = CARTESIAN_POINT('',(-35.305,-40.99999999999,14.75));
#2715 = DIRECTION('',(0.,-1.,2.2E-16));
#2716 = DIRECTION('',(1.,0.,0.));
#2717 = ADVANCED_FACE('',(#2718),#2729,.T.);
#2718 = FACE_BOUND('',#2719,.T.);
#2719 = EDGE_LOOP('',(#2720,#2726,#2727,#2728));
#2720 = ORIENTED_EDGE('',*,*,#2721,.T.);
#2721 = EDGE_CURVE('',#2228,#2159,#2722,.T.);
#2722 = LINE('',#2723,#2724);
#2723 = CARTESIAN_POINT('',(35.305,18.96238071475,15.75));
#2724 = VECTOR('',#2725,1.);
#2725 = DIRECTION('',(0.,1.,0.));
#2726 = ORIENTED_EDGE('',*,*,#2158,.T.);
#2727 = ORIENTED_EDGE('',*,*,#2193,.T.);
#2728 = ORIENTED_EDGE('',*,*,#2235,.T.);
#2729 = PLANE('',#2730);
#2730 = AXIS2_PLACEMENT_3D('',#2731,#2732,#2733);
#2731 = CARTESIAN_POINT('',(-6.23E-14,1.9247614295,15.75));
#2732 = DIRECTION('',(0.,0.,1.));
#2733 = DIRECTION('',(1.,0.,0.));
#2734 = ADVANCED_FACE('',(#2735),#2741,.F.);
#2735 = FACE_BOUND('',#2736,.F.);
#2736 = EDGE_LOOP('',(#2737,#2738,#2739,#2740));
#2737 = ORIENTED_EDGE('',*,*,#2166,.F.);
#2738 = ORIENTED_EDGE('',*,*,#2673,.F.);
#2739 = ORIENTED_EDGE('',*,*,#2227,.T.);
#2740 = ORIENTED_EDGE('',*,*,#2721,.T.);
#2741 = PLANE('',#2742);
#2742 = AXIS2_PLACEMENT_3D('',#2743,#2744,#2745);
#2743 = CARTESIAN_POINT('',(35.305,36.000000000001,3.));
#2744 = DIRECTION('',(-1.,0.,0.));
#2745 = DIRECTION('',(0.,1.,0.));
#2746 = ADVANCED_FACE('',(#2747),#2758,.T.);
#2747 = FACE_BOUND('',#2748,.T.);
#2748 = EDGE_LOOP('',(#2749,#2755,#2756,#2757));
#2749 = ORIENTED_EDGE('',*,*,#2750,.T.);
#2750 = EDGE_CURVE('',#2329,#2260,#2751,.T.);
#2751 = LINE('',#2752,#2753);
#2752 = CARTESIAN_POINT('',(35.304999999999,-19.53761928524,15.75));
#2753 = VECTOR('',#2754,1.);
#2754 = DIRECTION('',(0.,1.,0.));
#2755 = ORIENTED_EDGE('',*,*,#2259,.T.);
#2756 = ORIENTED_EDGE('',*,*,#2294,.T.);
#2757 = ORIENTED_EDGE('',*,*,#2336,.T.);
#2758 = PLANE('',#2759);
#2759 = AXIS2_PLACEMENT_3D('',#2760,#2761,#2762);
#2760 = CARTESIAN_POINT('',(-6.23E-14,1.9247614295,15.75));
#2761 = DIRECTION('',(0.,0.,1.));
#2762 = DIRECTION('',(1.,0.,0.));
#2763 = ADVANCED_FACE('',(#2764),#2770,.F.);
#2764 = FACE_BOUND('',#2765,.F.);
#2765 = EDGE_LOOP('',(#2766,#2767,#2768,#2769));
#2766 = ORIENTED_EDGE('',*,*,#2267,.F.);
#2767 = ORIENTED_EDGE('',*,*,#2656,.F.);
#2768 = ORIENTED_EDGE('',*,*,#2328,.T.);
#2769 = ORIENTED_EDGE('',*,*,#2750,.T.);
#2770 = PLANE('',#2771);
#2771 = AXIS2_PLACEMENT_3D('',#2772,#2773,#2774);
#2772 = CARTESIAN_POINT('',(35.304999999999,-40.99999999999,3.));
#2773 = DIRECTION('',(-1.,0.,0.));
#2774 = DIRECTION('',(0.,1.,0.));
#2775 = ADVANCED_FACE('',(#2776),#2787,.T.);
#2776 = FACE_BOUND('',#2777,.T.);
#2777 = EDGE_LOOP('',(#2778,#2779,#2785,#2786));
#2778 = ORIENTED_EDGE('',*,*,#2437,.T.);
#2779 = ORIENTED_EDGE('',*,*,#2780,.T.);
#2780 = EDGE_CURVE('',#2430,#2361,#2781,.T.);
#2781 = LINE('',#2782,#2783);
#2782 = CARTESIAN_POINT('',(-35.305,-14.53761928524,15.75));
#2783 = VECTOR('',#2784,1.);
#2784 = DIRECTION('',(0.,-1.,0.));
#2785 = ORIENTED_EDGE('',*,*,#2360,.T.);
#2786 = ORIENTED_EDGE('',*,*,#2402,.F.);
#2787 = PLANE('',#2788);
#2788 = AXIS2_PLACEMENT_3D('',#2789,#2790,#2791);
#2789 = CARTESIAN_POINT('',(-6.23E-14,1.9247614295,15.75));
#2790 = DIRECTION('',(0.,0.,1.));
#2791 = DIRECTION('',(1.,0.,0.));
#2792 = ADVANCED_FACE('',(#2793),#2799,.F.);
#2793 = FACE_BOUND('',#2794,.F.);
#2794 = EDGE_LOOP('',(#2795,#2796,#2797,#2798));
#2795 = ORIENTED_EDGE('',*,*,#2368,.F.);
#2796 = ORIENTED_EDGE('',*,*,#2705,.T.);
#2797 = ORIENTED_EDGE('',*,*,#2429,.T.);
#2798 = ORIENTED_EDGE('',*,*,#2780,.T.);
#2799 = PLANE('',#2800);
#2800 = AXIS2_PLACEMENT_3D('',#2801,#2802,#2803);
#2801 = CARTESIAN_POINT('',(-35.305,-30.99999999999,3.));
#2802 = DIRECTION('',(1.,0.,0.));
#2803 = DIRECTION('',(0.,-1.,0.));
#2804 = ADVANCED_FACE('',(#2805),#2816,.T.);
#2805 = FACE_BOUND('',#2806,.T.);
#2806 = EDGE_LOOP('',(#2807,#2808,#2814,#2815));
#2807 = ORIENTED_EDGE('',*,*,#2538,.T.);
#2808 = ORIENTED_EDGE('',*,*,#2809,.T.);
#2809 = EDGE_CURVE('',#2531,#2462,#2810,.T.);
#2810 = LINE('',#2811,#2812);
#2811 = CARTESIAN_POINT('',(-35.305,23.96238071475,15.75));
#2812 = VECTOR('',#2813,1.);
#2813 = DIRECTION('',(0.,-1.,0.));
#2814 = ORIENTED_EDGE('',*,*,#2461,.T.);
#2815 = ORIENTED_EDGE('',*,*,#2496,.T.);
#2816 = PLANE('',#2817);
#2817 = AXIS2_PLACEMENT_3D('',#2818,#2819,#2820);
#2818 = CARTESIAN_POINT('',(-6.23E-14,1.9247614295,15.75));
#2819 = DIRECTION('',(0.,0.,1.));
#2820 = DIRECTION('',(1.,0.,0.));
#2821 = ADVANCED_FACE('',(#2822),#2828,.F.);
#2822 = FACE_BOUND('',#2823,.F.);
#2823 = EDGE_LOOP('',(#2824,#2825,#2826,#2827));
#2824 = ORIENTED_EDGE('',*,*,#2469,.F.);
#2825 = ORIENTED_EDGE('',*,*,#2688,.T.);
#2826 = ORIENTED_EDGE('',*,*,#2530,.T.);
#2827 = ORIENTED_EDGE('',*,*,#2809,.T.);
#2828 = PLANE('',#2829);
#2829 = AXIS2_PLACEMENT_3D('',#2830,#2831,#2832);
#2830 = CARTESIAN_POINT('',(-35.305,46.,3.));
#2831 = DIRECTION('',(1.,0.,0.));
#2832 = DIRECTION('',(0.,-1.,0.));
#2833 = ADVANCED_FACE('',(#2834,#2837),#2848,.T.);
#2834 = FACE_BOUND('',#2835,.T.);
#2835 = EDGE_LOOP('',(#2836));
#2836 = ORIENTED_EDGE('',*,*,#2561,.T.);
#2837 = FACE_BOUND('',#2838,.T.);
#2838 = EDGE_LOOP('',(#2839));
#2839 = ORIENTED_EDGE('',*,*,#2840,.F.);
#2840 = EDGE_CURVE('',#2841,#2841,#2843,.T.);
#2841 = VERTEX_POINT('',#2842);
#2842 = CARTESIAN_POINT('',(-27.055,-53.99999999999,5.25));
#2843 = CIRCLE('',#2844,1.25);
#2844 = AXIS2_PLACEMENT_3D('',#2845,#2846,#2847);
#2845 = CARTESIAN_POINT('',(-28.305,-53.99999999999,5.25));
#2846 = DIRECTION('',(0.,0.,1.));
#2847 = DIRECTION('',(1.,0.,0.));
#2848 = PLANE('',#2849);
#2849 = AXIS2_PLACEMENT_3D('',#2850,#2851,#2852);
#2850 = CARTESIAN_POINT('',(-1.8985E-13,2.500000000002,5.25));
#2851 = DIRECTION('',(0.,0.,1.));
#2852 = DIRECTION('',(1.,0.,0.));
#2853 = ADVANCED_FACE('',(#2854,#2857),#2868,.T.);
#2854 = FACE_BOUND('',#2855,.T.);
#2855 = EDGE_LOOP('',(#2856));
#2856 = ORIENTED_EDGE('',*,*,#2586,.T.);
#2857 = FACE_BOUND('',#2858,.T.);
#2858 = EDGE_LOOP('',(#2859));
#2859 = ORIENTED_EDGE('',*,*,#2860,.F.);
#2860 = EDGE_CURVE('',#2861,#2861,#2863,.T.);
#2861 = VERTEX_POINT('',#2862);
#2862 = CARTESIAN_POINT('',(29.555,-53.99999999999,5.25));
#2863 = CIRCLE('',#2864,1.25);
#2864 = AXIS2_PLACEMENT_3D('',#2865,#2866,#2867);
#2865 = CARTESIAN_POINT('',(28.305,-53.99999999999,5.25));
#2866 = DIRECTION('',(0.,0.,1.));
#2867 = DIRECTION('',(1.,0.,0.));
#2868 = PLANE('',#2869);
#2869 = AXIS2_PLACEMENT_3D('',#2870,#2871,#2872);
#2870 = CARTESIAN_POINT('',(-1.8985E-13,2.500000000002,5.25));
#2871 = DIRECTION('',(0.,0.,1.));
#2872 = DIRECTION('',(1.,0.,0.));
#2873 = ADVANCED_FACE('',(#2874,#2877),#2888,.T.);
#2874 = FACE_BOUND('',#2875,.T.);
#2875 = EDGE_LOOP('',(#2876));
#2876 = ORIENTED_EDGE('',*,*,#2611,.T.);
#2877 = FACE_BOUND('',#2878,.T.);
#2878 = EDGE_LOOP('',(#2879));
#2879 = ORIENTED_EDGE('',*,*,#2880,.F.);
#2880 = EDGE_CURVE('',#2881,#2881,#2883,.T.);
#2881 = VERTEX_POINT('',#2882);
#2882 = CARTESIAN_POINT('',(-27.055,59.,5.25));
#2883 = CIRCLE('',#2884,1.25);
#2884 = AXIS2_PLACEMENT_3D('',#2885,#2886,#2887);
#2885 = CARTESIAN_POINT('',(-28.305,59.,5.25));
#2886 = DIRECTION('',(0.,0.,1.));
#2887 = DIRECTION('',(1.,0.,0.));
#2888 = PLANE('',#2889);
#2889 = AXIS2_PLACEMENT_3D('',#2890,#2891,#2892);
#2890 = CARTESIAN_POINT('',(-1.8985E-13,2.500000000002,5.25));
#2891 = DIRECTION('',(0.,0.,1.));
#2892 = DIRECTION('',(1.,0.,0.));
#2893 = ADVANCED_FACE('',(#2894,#2897),#2908,.T.);
#2894 = FACE_BOUND('',#2895,.T.);
#2895 = EDGE_LOOP('',(#2896));
#2896 = ORIENTED_EDGE('',*,*,#2636,.T.);
#2897 = FACE_BOUND('',#2898,.T.);
#2898 = EDGE_LOOP('',(#2899));
#2899 = ORIENTED_EDGE('',*,*,#2900,.F.);
#2900 = EDGE_CURVE('',#2901,#2901,#2903,.T.);
#2901 = VERTEX_POINT('',#2902);
#2902 = CARTESIAN_POINT('',(29.555,59.,5.25));
#2903 = CIRCLE('',#2904,1.25);
#2904 = AXIS2_PLACEMENT_3D('',#2905,#2906,#2907);
#2905 = CARTESIAN_POINT('',(28.305,59.,5.25));
#2906 = DIRECTION('',(0.,0.,1.));
#2907 = DIRECTION('',(1.,0.,0.));
#2908 = PLANE('',#2909);
#2909 = AXIS2_PLACEMENT_3D('',#2910,#2911,#2912);
#2910 = CARTESIAN_POINT('',(-1.8985E-13,2.500000000002,5.25));
#2911 = DIRECTION('',(0.,0.,1.));
#2912 = DIRECTION('',(1.,0.,0.));
#2913 = ADVANCED_FACE('',(#2914),#2933,.T.);
#2914 = FACE_BOUND('',#2915,.F.);
#2915 = EDGE_LOOP('',(#2916,#2924,#2931,#2932));
#2916 = ORIENTED_EDGE('',*,*,#2917,.T.);
#2917 = EDGE_CURVE('',#2841,#2918,#2920,.T.);
#2918 = VERTEX_POINT('',#2919);
#2919 = CARTESIAN_POINT('',(-27.055,-53.99999999999,6.75));
#2920 = LINE('',#2921,#2922);
#2921 = CARTESIAN_POINT('',(-27.055,-53.99999999999,5.25));
#2922 = VECTOR('',#2923,1.);
#2923 = DIRECTION('',(0.,0.,1.));
#2924 = ORIENTED_EDGE('',*,*,#2925,.T.);
#2925 = EDGE_CURVE('',#2918,#2918,#2926,.T.);
#2926 = CIRCLE('',#2927,1.25);
#2927 = AXIS2_PLACEMENT_3D('',#2928,#2929,#2930);
#2928 = CARTESIAN_POINT('',(-28.305,-53.99999999999,6.75));
#2929 = DIRECTION('',(0.,0.,1.));
#2930 = DIRECTION('',(1.,0.,0.));
#2931 = ORIENTED_EDGE('',*,*,#2917,.F.);
#2932 = ORIENTED_EDGE('',*,*,#2840,.F.);
#2933 = CYLINDRICAL_SURFACE('',#2934,1.25);
#2934 = AXIS2_PLACEMENT_3D('',#2935,#2936,#2937);
#2935 = CARTESIAN_POINT('',(-28.305,-53.99999999999,5.25));
#2936 = DIRECTION('',(-0.,-0.,-1.));
#2937 = DIRECTION('',(1.,0.,0.));
#2938 = ADVANCED_FACE('',(#2939),#2958,.T.);
#2939 = FACE_BOUND('',#2940,.F.);
#2940 = EDGE_LOOP('',(#2941,#2949,#2956,#2957));
#2941 = ORIENTED_EDGE('',*,*,#2942,.T.);
#2942 = EDGE_CURVE('',#2861,#2943,#2945,.T.);
#2943 = VERTEX_POINT('',#2944);
#2944 = CARTESIAN_POINT('',(29.555,-53.99999999999,6.75));
#2945 = LINE('',#2946,#2947);
#2946 = CARTESIAN_POINT('',(29.555,-53.99999999999,5.25));
#2947 = VECTOR('',#2948,1.);
#2948 = DIRECTION('',(0.,0.,1.));
#2949 = ORIENTED_EDGE('',*,*,#2950,.T.);
#2950 = EDGE_CURVE('',#2943,#2943,#2951,.T.);
#2951 = CIRCLE('',#2952,1.25);
#2952 = AXIS2_PLACEMENT_3D('',#2953,#2954,#2955);
#2953 = CARTESIAN_POINT('',(28.305,-53.99999999999,6.75));
#2954 = DIRECTION('',(0.,0.,1.));
#2955 = DIRECTION('',(1.,0.,0.));
#2956 = ORIENTED_EDGE('',*,*,#2942,.F.);
#2957 = ORIENTED_EDGE('',*,*,#2860,.F.);
#2958 = CYLINDRICAL_SURFACE('',#2959,1.25);
#2959 = AXIS2_PLACEMENT_3D('',#2960,#2961,#2962);
#2960 = CARTESIAN_POINT('',(28.305,-53.99999999999,5.25));
#2961 = DIRECTION('',(-0.,-0.,-1.));
#2962 = DIRECTION('',(1.,0.,0.));
#2963 = ADVANCED_FACE('',(#2964),#2983,.T.);
#2964 = FACE_BOUND('',#2965,.F.);
#2965 = EDGE_LOOP('',(#2966,#2974,#2981,#2982));
#2966 = ORIENTED_EDGE('',*,*,#2967,.T.);
#2967 = EDGE_CURVE('',#2881,#2968,#2970,.T.);
#2968 = VERTEX_POINT('',#2969);
#2969 = CARTESIAN_POINT('',(-27.055,59.,6.75));
#2970 = LINE('',#2971,#2972);
#2971 = CARTESIAN_POINT('',(-27.055,59.,5.25));
#2972 = VECTOR('',#2973,1.);
#2973 = DIRECTION('',(0.,0.,1.));
#2974 = ORIENTED_EDGE('',*,*,#2975,.T.);
#2975 = EDGE_CURVE('',#2968,#2968,#2976,.T.);
#2976 = CIRCLE('',#2977,1.25);
#2977 = AXIS2_PLACEMENT_3D('',#2978,#2979,#2980);
#2978 = CARTESIAN_POINT('',(-28.305,59.,6.75));
#2979 = DIRECTION('',(0.,0.,1.));
#2980 = DIRECTION('',(1.,0.,0.));
#2981 = ORIENTED_EDGE('',*,*,#2967,.F.);
#2982 = ORIENTED_EDGE('',*,*,#2880,.F.);
#2983 = CYLINDRICAL_SURFACE('',#2984,1.25);
#2984 = AXIS2_PLACEMENT_3D('',#2985,#2986,#2987);
#2985 = CARTESIAN_POINT('',(-28.305,59.,5.25));
#2986 = DIRECTION('',(-0.,-0.,-1.));
#2987 = DIRECTION('',(1.,0.,0.));
#2988 = ADVANCED_FACE('',(#2989),#3008,.T.);
#2989 = FACE_BOUND('',#2990,.F.);
#2990 = EDGE_LOOP('',(#2991,#2999,#3006,#3007));
#2991 = ORIENTED_EDGE('',*,*,#2992,.T.);
#2992 = EDGE_CURVE('',#2901,#2993,#2995,.T.);
#2993 = VERTEX_POINT('',#2994);
#2994 = CARTESIAN_POINT('',(29.555,59.,6.75));
#2995 = LINE('',#2996,#2997);
#2996 = CARTESIAN_POINT('',(29.555,59.,5.25));
#2997 = VECTOR('',#2998,1.);
#2998 = DIRECTION('',(0.,0.,1.));
#2999 = ORIENTED_EDGE('',*,*,#3000,.T.);
#3000 = EDGE_CURVE('',#2993,#2993,#3001,.T.);
#3001 = CIRCLE('',#3002,1.25);
#3002 = AXIS2_PLACEMENT_3D('',#3003,#3004,#3005);
#3003 = CARTESIAN_POINT('',(28.305,59.,6.75));
#3004 = DIRECTION('',(0.,0.,1.));
#3005 = DIRECTION('',(1.,0.,0.));
#3006 = ORIENTED_EDGE('',*,*,#2992,.F.);
#3007 = ORIENTED_EDGE('',*,*,#2900,.F.);
#3008 = CYLINDRICAL_SURFACE('',#3009,1.25);
#3009 = AXIS2_PLACEMENT_3D('',#3010,#3011,#3012);
#3010 = CARTESIAN_POINT('',(28.305,59.,5.25));
#3011 = DIRECTION('',(-0.,-0.,-1.));
#3012 = DIRECTION('',(1.,0.,0.));
#3013 = ADVANCED_FACE('',(#3014),#3017,.T.);
#3014 = FACE_BOUND('',#3015,.T.);
#3015 = EDGE_LOOP('',(#3016));
#3016 = ORIENTED_EDGE('',*,*,#2925,.T.);
#3017 = PLANE('',#3018);
#3018 = AXIS2_PLACEMENT_3D('',#3019,#3020,#3021);
#3019 = CARTESIAN_POINT('',(-1.9062E-13,2.500000000002,6.75));
#3020 = DIRECTION('',(0.,0.,1.));
#3021 = DIRECTION('',(1.,0.,0.));
#3022 = ADVANCED_FACE('',(#3023),#3026,.T.);
#3023 = FACE_BOUND('',#3024,.T.);
#3024 = EDGE_LOOP('',(#3025));
#3025 = ORIENTED_EDGE('',*,*,#2950,.T.);
#3026 = PLANE('',#3027);
#3027 = AXIS2_PLACEMENT_3D('',#3028,#3029,#3030);
#3028 = CARTESIAN_POINT('',(-1.9062E-13,2.500000000002,6.75));
#3029 = DIRECTION('',(0.,0.,1.));
#3030 = DIRECTION('',(1.,0.,0.));
#3031 = ADVANCED_FACE('',(#3032),#3035,.T.);
#3032 = FACE_BOUND('',#3033,.T.);
#3033 = EDGE_LOOP('',(#3034));
#3034 = ORIENTED_EDGE('',*,*,#2975,.T.);
#3035 = PLANE('',#3036);
#3036 = AXIS2_PLACEMENT_3D('',#3037,#3038,#3039);
#3037 = CARTESIAN_POINT('',(-1.9062E-13,2.500000000002,6.75));
#3038 = DIRECTION('',(0.,0.,1.));
#3039 = DIRECTION('',(1.,0.,0.));
#3040 = ADVANCED_FACE('',(#3041),#3044,.T.);
#3041 = FACE_BOUND('',#3042,.T.);
#3042 = EDGE_LOOP('',(#3043));
#3043 = ORIENTED_EDGE('',*,*,#3000,.T.);
#3044 = PLANE('',#3045);
#3045 = AXIS2_PLACEMENT_3D('',#3046,#3047,#3048);
#3046 = CARTESIAN_POINT('',(-1.9062E-13,2.500000000002,6.75));
#3047 = DIRECTION('',(0.,0.,1.));
#3048 = DIRECTION('',(1.,0.,0.));
#3049 = ( GEOMETRIC_REPRESENTATION_CONTEXT(3) 
GLOBAL_UNCERTAINTY_ASSIGNED_CONTEXT((#3053)) 
GLOBAL_UNIT_ASSIGNED_CONTEXT((#3050,#3051,#3052)) REPRESENTATION_CONTEXT
('Context #1','3D Context with UNIT and UNCERTAINTY') );
#3050 = ( LENGTH_UNIT() NAMED_UNIT(*) SI_UNIT(.MILLI.,.METRE.) );
#3051 = ( NAMED_UNIT(*) PLANE_ANGLE_UNIT() SI_UNIT($,.RADIAN.) );
#3052 = ( NAMED_UNIT(*) SI_UNIT($,.STERADIAN.) SOLID_ANGLE_UNIT() );
#3053 = UNCERTAINTY_MEASURE_WITH_UNIT(LENGTH_MEASURE(2.E-07),#3050,
  'distance_accuracy_value','confusion accuracy');
#3054 = PRODUCT_RELATED_PRODUCT_CATEGORY('part',$,(#7));
#3055 = MECHANICAL_DESIGN_GEOMETRIC_PRESENTATION_REPRESENTATION('',(
    #3056),#3049);
#3056 = STYLED_ITEM('color',(#3057),#15);
#3057 = PRESENTATION_STYLE_ASSIGNMENT((#3058,#3064));
#3058 = SURFACE_STYLE_USAGE(.BOTH.,#3059);
#3059 = SURFACE_SIDE_STYLE('',(#3060));
#3060 = SURFACE_STYLE_FILL_AREA(#3061);
#3061 = FILL_AREA_STYLE('',(#3062));
#3062 = FILL_AREA_STYLE_COLOUR('',#3063);
#3063 = COLOUR_RGB('',0.717647071237,0.701960807317,0.658823550289);
#3064 = CURVE_STYLE('',#3065,POSITIVE_LENGTH_MEASURE(0.1),#3066);
#3065 = DRAUGHTING_PRE_DEFINED_CURVE_FONT('continuous');
#3066 = COLOUR_RGB('',9.803921802644E-02,9.803921802644E-02,
  9.803921802644E-02);
ENDSEC;
END-ISO-10303-21;
